0.000000000000000000e+00,0.000000000000000000e+00,0.000000000000000000e+00,0.000000000000000000e+00,0.000000000000000000e+00,0.000000000000000000e+00,0.000000000000000000e+00,0.000000000000000000e+00,6.033980171196162701e-04,-5.700260400772094727e-01,-9.609641856513917446e-04,-2.811189174652099609e+00,8.613587124273180962e-04,3.037068605422973633e+00,7.402257919311523438e-01,4.225366562604904175e-02,4.225366562604904175e-02,1.988712884485721588e-02,-1.817281730473041534e-02,-2.563098445534706116e-02,-9.325211867690086365e-03,5.096743628382682800e-02,3.003748692572116852e-02,-4.097211733460426331e-02,1.999999955296516418e-02,1.999999955296516418e-02,1.000000014901161194e-01,-1.000000014901161194e-01,1.999999955296516418e-02,-7.009000182151794434e-01,9.866999983787536621e-01,-1.694200038909912109e+00,0.000000000000000000e+00,0.000000000000000000e+00,0.000000000000000000e+00,0.000000000000000000e+00
0.000000000000000000e+00,0.000000000000000000e+00,0.000000000000000000e+00,0.000000000000000000e+00,0.000000000000000000e+00,0.000000000000000000e+00,0.000000000000000000e+00,0.000000000000000000e+00,3.121171705424785614e-02,-6.169649958610534668e-01,-1.453374978154897690e-02,-2.821038484573364258e+00,2.790890932083129883e-01,3.113127231597900391e+00,5.630695223808288574e-01,4.225333780050277710e-02,4.225333780050277710e-02,-2.522325515747070312e-02,-1.136818602681159973e-01,5.988751351833343506e-02,1.891241967678070068e-02,4.055120050907135010e-01,4.811524972319602966e-02,-1.572398841381072998e-01,1.999999955296516418e-02,1.999999955296516418e-02,1.000000014901161194e-01,-1.000000014901161194e-01,1.999999955296516418e-02,-7.009000182151794434e-01,9.866999983787536621e-01,-1.694200038909912109e+00,0.000000000000000000e+00,0.000000000000000000e+00,0.000000000000000000e+00,0.000000000000000000e+00
0.000000000000000000e+00,0.000000000000000000e+00,0.000000000000000000e+00,0.000000000000000000e+00,0.000000000000000000e+00,0.000000000000000000e+00,0.000000000000000000e+00,0.000000000000000000e+00,2.661662921309471130e-02,-6.731008291244506836e-01,-7.862063124775886536e-03,-2.812388181686401367e+00,4.467006921768188477e-01,3.160742521286010742e+00,5.216681361198425293e-01,4.225333780050277710e-02,4.225333780050277710e-02,6.862315814942121506e-03,-8.790744096040725708e-02,-4.806212615221738815e-03,1.083918381482362747e-02,2.246757000684738159e-01,6.726916134357452393e-02,-5.543042346835136414e-02,1.999999955296516418e-02,1.999999955296516418e-02,1.000000014901161194e-01,-1.000000014901161194e-01,1.999999955296516418e-02,-7.009000182151794434e-01,9.866999983787536621e-01,-1.694200038909912109e+00,0.000000000000000000e+00,0.000000000000000000e+00,0.000000000000000000e+00,0.000000000000000000e+00
0.000000000000000000e+00,0.000000000000000000e+00,0.000000000000000000e+00,0.000000000000000000e+00,0.000000000000000000e+00,0.000000000000000000e+00,0.000000000000000000e+00,0.000000000000000000e+00,2.465687878429889679e-02,-7.125973105430603027e-01,-7.826709188520908356e-03,-2.805254936218261719e+00,5.667154788970947266e-01,3.194689989089965820e+00,4.929080605506896973e-01,4.225333780050277710e-02,4.225333780050277710e-02,5.982175469398498535e-03,-5.718201026320457458e-02,-2.797638298943638802e-03,1.486815512180328369e-02,1.981438100337982178e-01,8.138851821422576904e-02,-4.759203270077705383e-02,1.999999955296516418e-02,1.999999955296516418e-02,1.000000014901161194e-01,-1.000000014901161194e-01,1.999999955296516418e-02,-7.009000182151794434e-01,9.866999983787536621e-01,-1.694200038909912109e+00,0.000000000000000000e+00,0.000000000000000000e+00,0.000000000000000000e+00,0.000000000000000000e+00
0.000000000000000000e+00,0.000000000000000000e+00,0.000000000000000000e+00,0.000000000000000000e+00,0.000000000000000000e+00,0.000000000000000000e+00,0.000000000000000000e+00,0.000000000000000000e+00,2.724788896739482880e-02,-7.332723140716552734e-01,-1.658880151808261871e-02,-2.801678419113159180e+00,6.149564385414123535e-01,3.188433647155761719e+00,4.530292749404907227e-01,4.225333780050277710e-02,4.225333780050277710e-02,7.591220084577798843e-03,-4.569051414728164673e-02,-1.453161705285310745e-02,1.581475324928760529e-02,1.688838452100753784e-01,-8.356110192835330963e-03,-1.316886693239212036e-01,1.999999955296516418e-02,1.999999955296516418e-02,1.000000014901161194e-01,-1.000000014901161194e-01,1.999999955296516418e-02,-7.009000182151794434e-01,9.866999983787536621e-01,-1.694200038909912109e+00,0.000000000000000000e+00,0.000000000000000000e+00,0.000000000000000000e+00,0.000000000000000000e+00
0.000000000000000000e+00,0.000000000000000000e+00,0.000000000000000000e+00,0.000000000000000000e+00,0.000000000000000000e+00,0.000000000000000000e+00,0.000000000000000000e+00,0.000000000000000000e+00,1.977844163775444031e-02,-7.536137104034423828e-01,-1.142685022205114365e-02,-2.792932271957397461e+00,6.965524554252624512e-01,3.193795919418334961e+00,4.155204296112060547e-01,4.225366562604904175e-02,4.225366562604904175e-02,-2.044909074902534485e-02,-2.745987102389335632e-02,8.497104980051517487e-03,1.151052862405776978e-02,8.527874946594238281e-02,2.264349721372127533e-02,-2.120444364845752716e-02,1.999999955296516418e-02,1.999999955296516418e-02,1.000000014901161194e-01,-1.000000014901161194e-01,1.999999955296516418e-02,-7.009000182151794434e-01,9.866999983787536621e-01,-1.694200038909912109e+00,0.000000000000000000e+00,0.000000000000000000e+00,0.000000000000000000e+00,0.000000000000000000e+00
0.000000000000000000e+00,0.000000000000000000e+00,0.000000000000000000e+00,0.000000000000000000e+00,0.000000000000000000e+00,0.000000000000000000e+00,0.000000000000000000e+00,0.000000000000000000e+00,1.981184631586074829e-02,-7.538816928863525391e-01,-1.143361534923315048e-02,-2.793750047683715820e+00,6.967238783836364746e-01,3.193927526473999023e+00,4.155594706535339355e-01,4.225333780050277710e-02,4.225333780050277710e-02,-5.044938297942280769e-04,8.343954687006771564e-04,2.201078896177932620e-04,1.188385358545929193e-04,1.331751991529017687e-04,8.364034147234633565e-05,5.184462133911438286e-05,1.999999955296516418e-02,1.999999955296516418e-02,1.000000014901161194e-01,-1.000000014901161194e-01,1.999999955296516418e-02,-7.009000182151794434e-01,9.866999983787536621e-01,-1.694200038909912109e+00,0.000000000000000000e+00,0.000000000000000000e+00,0.000000000000000000e+00,0.000000000000000000e+00
0.000000000000000000e+00,0.000000000000000000e+00,0.000000000000000000e+00,0.000000000000000000e+00,0.000000000000000000e+00,0.000000000000000000e+00,0.000000000000000000e+00,0.000000000000000000e+00,1.981522887945175171e-02,-7.538853287696838379e-01,-1.143027469515800476e-02,-2.793751716613769531e+00,6.967175602912902832e-01,3.193929433822631836e+00,4.155616760253906250e-01,4.225333780050277710e-02,4.225333780050277710e-02,9.521827450953423977e-04,-3.792000061366707087e-04,1.502859231550246477e-04,-8.478941163048148155e-05,-5.064340075477957726e-04,-1.637414388824254274e-04,-3.740172542165964842e-04,1.999999955296516418e-02,1.999999955296516418e-02,1.000000014901161194e-01,-1.000000014901161194e-01,1.999999955296516418e-02,-7.009000182151794434e-01,9.866999983787536621e-01,-1.694200038909912109e+00,0.000000000000000000e+00,0.000000000000000000e+00,0.000000000000000000e+00,0.000000000000000000e+00
0.000000000000000000e+00,0.000000000000000000e+00,0.000000000000000000e+00,0.000000000000000000e+00,0.000000000000000000e+00,0.000000000000000000e+00,0.000000000000000000e+00,0.000000000000000000e+00,1.981184631586074829e-02,-7.538853287696838379e-01,-1.143027469515800476e-02,-2.793751716613769531e+00,6.967188715934753418e-01,3.193926811218261719e+00,4.155606329441070557e-01,4.225333780050277710e-02,4.225333780050277710e-02,-4.043007211294025183e-04,-4.142562102060765028e-04,-7.752504461677744985e-05,-3.476213314570486546e-04,4.325794725446030498e-05,-1.374165731249377131e-04,5.947158671915531158e-03,1.999999955296516418e-02,1.999999955296516418e-02,1.000000014901161194e-01,-1.000000014901161194e-01,1.999999955296516418e-02,-7.009000182151794434e-01,9.866999983787536621e-01,-1.694200038909912109e+00,0.000000000000000000e+00,0.000000000000000000e+00,0.000000000000000000e+00,0.000000000000000000e+00
0.000000000000000000e+00,0.000000000000000000e+00,0.000000000000000000e+00,0.000000000000000000e+00,0.000000000000000000e+00,0.000000000000000000e+00,0.000000000000000000e+00,0.000000000000000000e+00,1.981113664805889130e-02,-7.538816928863525391e-01,-1.143194548785686493e-02,-2.793748378753662109e+00,6.967182159423828125e-01,3.193928480148315430e+00,4.155660867691040039e-01,4.225333780050277710e-02,4.225333780050277710e-02,-3.574688453227281570e-04,1.126675284467637539e-03,-3.394671948626637459e-04,6.386454915627837181e-04,-2.298577746842056513e-04,-5.235641947365365922e-05,6.067035137675702572e-04,1.999999955296516418e-02,1.999999955296516418e-02,1.000000014901161194e-01,-1.000000014901161194e-01,1.999999955296516418e-02,-7.009000182151794434e-01,9.866999983787536621e-01,-1.694200038909912109e+00,0.000000000000000000e+00,0.000000000000000000e+00,0.000000000000000000e+00,0.000000000000000000e+00
0.000000000000000000e+00,0.000000000000000000e+00,0.000000000000000000e+00,0.000000000000000000e+00,0.000000000000000000e+00,0.000000000000000000e+00,0.000000000000000000e+00,0.000000000000000000e+00,1.981343515217304230e-02,-7.538834810256958008e-01,-1.143194548785686493e-02,-2.793751716613769531e+00,6.967182159423828125e-01,3.193926095962524414e+00,4.155704975128173828e-01,4.225333780050277710e-02,4.225333780050277710e-02,1.132222896558232605e-04,1.026086974889039993e-03,-3.132535202894359827e-04,-4.778752918355166912e-04,-1.041973446263000369e-04,-1.041490759234875441e-05,9.499765583314001560e-04,1.999999955296516418e-02,1.999999955296516418e-02,1.000000014901161194e-01,-1.000000014901161194e-01,1.999999955296516418e-02,-7.009000182151794434e-01,9.866999983787536621e-01,-1.694200038909912109e+00,0.000000000000000000e+00,0.000000000000000000e+00,0.000000000000000000e+00,0.000000000000000000e+00
0.000000000000000000e+00,0.000000000000000000e+00,0.000000000000000000e+00,0.000000000000000000e+00,0.000000000000000000e+00,0.000000000000000000e+00,0.000000000000000000e+00,0.000000000000000000e+00,1.981279812753200531e-02,-7.538853287696838379e-01,-1.143194548785686493e-02,-2.793749809265136719e+00,6.967195272445678711e-01,3.193926095962524414e+00,4.155656397342681885e-01,4.225333780050277710e-02,4.225333780050277710e-02,5.916038062423467636e-04,-1.668235381657723337e-05,-6.347998278215527534e-04,1.113811595132574439e-04,3.365398515597917140e-05,2.580189902801066637e-04,-6.996514275670051575e-04,1.999999955296516418e-02,1.999999955296516418e-02,1.000000014901161194e-01,-1.000000014901161194e-01,1.999999955296516418e-02,-7.009000182151794434e-01,9.866999983787536621e-01,-1.694200038909912109e+00,0.000000000000000000e+00,0.000000000000000000e+00,0.000000000000000000e+00,0.000000000000000000e+00
0.000000000000000000e+00,0.000000000000000000e+00,0.000000000000000000e+00,0.000000000000000000e+00,0.000000000000000000e+00,0.000000000000000000e+00,0.000000000000000000e+00,0.000000000000000000e+00,1.980892382562160492e-02,-7.538853287696838379e-01,-1.143027469515800476e-02,-2.793750047683715820e+00,6.967195272445678711e-01,3.193925619125366211e+00,4.155698418617248535e-01,4.225333780050277710e-02,4.225333780050277710e-02,-7.618327508680522442e-04,-1.123843685491010547e-04,-4.039331179228611290e-05,-1.257918920600786805e-04,1.527434797026216984e-04,-1.326813071500509977e-04,3.711245662998408079e-04,1.999999955296516418e-02,1.999999955296516418e-02,1.000000014901161194e-01,-1.000000014901161194e-01,1.999999955296516418e-02,-7.009000182151794434e-01,9.866999983787536621e-01,-1.694200038909912109e+00,0.000000000000000000e+00,0.000000000000000000e+00,0.000000000000000000e+00,0.000000000000000000e+00
0.000000000000000000e+00,0.000000000000000000e+00,0.000000000000000000e+00,0.000000000000000000e+00,0.000000000000000000e+00,0.000000000000000000e+00,0.000000000000000000e+00,0.000000000000000000e+00,1.981135085225105286e-02,-7.538869976997375488e-01,-1.143027469515800476e-02,-2.793747663497924805e+00,6.967165470123291016e-01,3.193925380706787109e+00,4.155705571174621582e-01,4.225333780050277710e-02,4.225333780050277710e-02,2.612832176964730024e-04,-6.516152061522006989e-04,-1.897807464956713375e-06,2.551831712480634451e-04,-3.721491375472396612e-04,-3.110756224486976862e-04,9.246112895198166370e-04,1.999999955296516418e-02,1.999999955296516418e-02,1.000000014901161194e-01,-1.000000014901161194e-01,1.999999955296516418e-02,-7.009000182151794434e-01,9.866999983787536621e-01,-1.694200038909912109e+00,0.000000000000000000e+00,0.000000000000000000e+00,0.000000000000000000e+00,0.000000000000000000e+00
0.000000000000000000e+00,0.000000000000000000e+00,0.000000000000000000e+00,0.000000000000000000e+00,0.000000000000000000e+00,0.000000000000000000e+00,0.000000000000000000e+00,0.000000000000000000e+00,1.981348916888237000e-02,-7.538816928863525391e-01,-1.143556460738182068e-02,-2.793751716613769531e+00,6.967140436172485352e-01,3.193926811218261719e+00,4.155661761760711670e-01,4.225333780050277710e-02,4.225333780050277710e-02,2.574456739239394665e-04,1.145907910540699959e-03,-1.855153706856071949e-03,-7.753350073471665382e-04,-2.602754975669085979e-04,4.499329661484807730e-04,-1.199686084873974323e-03,1.999999955296516418e-02,1.999999955296516418e-02,1.000000014901161194e-01,-1.000000014901161194e-01,1.999999955296516418e-02,-7.009000182151794434e-01,9.866999983787536621e-01,-1.694200038909912109e+00,0.000000000000000000e+00,0.000000000000000000e+00,0.000000000000000000e+00,0.000000000000000000e+00
0.000000000000000000e+00,0.000000000000000000e+00,0.000000000000000000e+00,0.000000000000000000e+00,0.000000000000000000e+00,0.000000000000000000e+00,0.000000000000000000e+00,0.000000000000000000e+00,1.981519348919391632e-02,-7.538833618164062500e-01,-1.143027469515800476e-02,-2.793748140335083008e+00,6.967181563377380371e-01,3.193925380706787109e+00,4.155679345130920410e-01,4.225333780050277710e-02,4.225333780050277710e-02,9.833412477746605873e-04,5.944257718510925770e-04,2.546914911363273859e-04,1.474052987759932876e-04,-5.295268056215718389e-05,-4.030767304357141256e-04,-2.636952267494052649e-04,1.999999955296516418e-02,1.999999955296516418e-02,1.000000014901161194e-01,-1.000000014901161194e-01,1.999999955296516418e-02,-7.009000182151794434e-01,9.866999983787536621e-01,-1.694200038909912109e+00,0.000000000000000000e+00,0.000000000000000000e+00,0.000000000000000000e+00,0.000000000000000000e+00
0.000000000000000000e+00,0.000000000000000000e+00,0.000000000000000000e+00,0.000000000000000000e+00,0.000000000000000000e+00,0.000000000000000000e+00,0.000000000000000000e+00,0.000000000000000000e+00,1.981321908533573151e-02,-7.538816928863525391e-01,-1.143027469515800476e-02,-2.793747425079345703e+00,6.967177987098693848e-01,3.193927049636840820e+00,4.155705571174621582e-01,4.225333780050277710e-02,4.225333780050277710e-02,3.993549908045679331e-04,1.072023180313408375e-03,3.831023423117585480e-05,5.384010728448629379e-04,-7.554612966487184167e-05,2.224554009444545954e-05,9.928239742293953896e-04,1.999999955296516418e-02,1.999999955296516418e-02,1.000000014901161194e-01,-1.000000014901161194e-01,1.999999955296516418e-02,-7.009000182151794434e-01,9.866999983787536621e-01,-1.694200038909912109e+00,0.000000000000000000e+00,0.000000000000000000e+00,0.000000000000000000e+00,0.000000000000000000e+00
0.000000000000000000e+00,0.000000000000000000e+00,0.000000000000000000e+00,0.000000000000000000e+00,0.000000000000000000e+00,0.000000000000000000e+00,0.000000000000000000e+00,0.000000000000000000e+00,1.981253549456596375e-02,-7.538853883743286133e-01,-1.142860483378171921e-02,-2.793751716613769531e+00,6.967175006866455078e-01,3.193926095962524414e+00,4.155691266059875488e-01,4.225333780050277710e-02,4.225333780050277710e-02,9.844924788922071457e-04,-5.410479207057505846e-05,3.574261208996176720e-04,-7.557476055808365345e-04,6.405685417121276259e-05,-6.072315591154620051e-05,5.585802718997001648e-04,1.999999955296516418e-02,1.999999955296516418e-02,1.000000014901161194e-01,-1.000000014901161194e-01,1.999999955296516418e-02,-7.009000182151794434e-01,9.866999983787536621e-01,-1.694200038909912109e+00,0.000000000000000000e+00,0.000000000000000000e+00,0.000000000000000000e+00,0.000000000000000000e+00
0.000000000000000000e+00,0.000000000000000000e+00,0.000000000000000000e+00,0.000000000000000000e+00,0.000000000000000000e+00,0.000000000000000000e+00,0.000000000000000000e+00,0.000000000000000000e+00,1.981103233993053436e-02,-7.538816928863525391e-01,-1.143194548785686493e-02,-2.793751478195190430e+00,6.967186927795410156e-01,3.193925380706787109e+00,4.155686795711517334e-01,4.225333780050277710e-02,4.225333780050277710e-02,-2.968629414681345224e-04,9.793977951630949974e-04,-5.434631020762026310e-04,-6.605897797271609306e-04,5.818222998641431332e-04,1.030705243465490639e-04,-4.453157453099265695e-05,1.999999955296516418e-02,1.999999955296516418e-02,1.000000014901161194e-01,-1.000000014901161194e-01,1.999999955296516418e-02,-7.009000182151794434e-01,9.866999983787536621e-01,-1.694200038909912109e+00,0.000000000000000000e+00,0.000000000000000000e+00,0.000000000000000000e+00,0.000000000000000000e+00
0.000000000000000000e+00,0.000000000000000000e+00,0.000000000000000000e+00,0.000000000000000000e+00,0.000000000000000000e+00,0.000000000000000000e+00,0.000000000000000000e+00,0.000000000000000000e+00,1.980938948690891266e-02,-7.538834214210510254e-01,-1.143027469515800476e-02,-2.793750047683715820e+00,6.967181563377380371e-01,3.193926811218261719e+00,4.155716001987457275e-01,4.225333780050277710e-02,4.225333780050277710e-02,-5.930211409577168524e-05,4.360505263321101665e-04,2.486533776391297579e-04,4.296716724638827145e-05,-1.973940379684790969e-04,2.577738196123391390e-04,6.803414435125887394e-04,1.999999955296516418e-02,1.999999955296516418e-02,1.000000014901161194e-01,-1.000000014901161194e-01,1.999999955296516418e-02,-7.009000182151794434e-01,9.866999983787536621e-01,-1.694200038909912109e+00,0.000000000000000000e+00,0.000000000000000000e+00,0.000000000000000000e+00,0.000000000000000000e+00
0.000000000000000000e+00,0.000000000000000000e+00,0.000000000000000000e+00,0.000000000000000000e+00,0.000000000000000000e+00,0.000000000000000000e+00,0.000000000000000000e+00,0.000000000000000000e+00,1.980865187942981720e-02,-7.538853287696838379e-01,-1.143194548785686493e-02,-2.793744325637817383e+00,6.967163085937500000e-01,3.193926811218261719e+00,4.155713021755218506e-01,4.225333780050277710e-02,4.225333780050277710e-02,-1.202712082886137068e-04,-5.576751427724957466e-04,-2.918724785558879375e-04,1.964733703061938286e-03,1.155520803877152503e-04,1.861597702372819185e-04,8.217854774557054043e-04,1.999999955296516418e-02,1.999999955296516418e-02,1.000000014901161194e-01,-1.000000014901161194e-01,1.999999955296516418e-02,-7.009000182151794434e-01,9.866999983787536621e-01,-1.694200038909912109e+00,0.000000000000000000e+00,0.000000000000000000e+00,0.000000000000000000e+00,0.000000000000000000e+00
0.000000000000000000e+00,0.000000000000000000e+00,0.000000000000000000e+00,0.000000000000000000e+00,0.000000000000000000e+00,0.000000000000000000e+00,0.000000000000000000e+00,0.000000000000000000e+00,1.980896852910518646e-02,-7.538869976997375488e-01,-1.142860483378171921e-02,-2.793751478195190430e+00,6.967180371284484863e-01,3.193925380706787109e+00,4.155656993389129639e-01,4.225366562604904175e-02,4.225366562604904175e-02,-2.328209811821579933e-04,-7.351780077442526817e-04,1.014328561723232269e-03,-1.073263236321508884e-03,-3.257914504501968622e-04,-3.371257043909281492e-04,-1.447135466150939465e-03,1.999999955296516418e-02,1.999999955296516418e-02,1.000000014901161194e-01,-1.000000014901161194e-01,1.999999955296516418e-02,-7.009000182151794434e-01,9.866999983787536621e-01,-1.694200038909912109e+00,0.000000000000000000e+00,0.000000000000000000e+00,0.000000000000000000e+00,0.000000000000000000e+00
0.000000000000000000e+00,0.000000000000000000e+00,0.000000000000000000e+00,0.000000000000000000e+00,0.000000000000000000e+00,0.000000000000000000e+00,0.000000000000000000e+00,0.000000000000000000e+00,1.980869099497795105e-02,-7.538819909095764160e-01,-1.143194548785686493e-02,-2.793747663497924805e+00,6.967154741287231445e-01,3.193925380706787109e+00,4.155678451061248779e-01,4.225333780050277710e-02,4.225333780050277710e-02,-3.259656950831413269e-04,1.454498735256493092e-03,-4.660610866267234087e-04,-4.730300861410796642e-04,-5.464161513373255730e-04,-1.105374394683167338e-04,-1.514823641628026962e-03,1.999999955296516418e-02,1.999999955296516418e-02,1.000000014901161194e-01,-1.000000014901161194e-01,1.999999955296516418e-02,-7.009000182151794434e-01,9.866999983787536621e-01,-1.694200038909912109e+00,0.000000000000000000e+00,0.000000000000000000e+00,0.000000000000000000e+00,0.000000000000000000e+00
0.000000000000000000e+00,0.000000000000000000e+00,0.000000000000000000e+00,0.000000000000000000e+00,0.000000000000000000e+00,0.000000000000000000e+00,0.000000000000000000e+00,0.000000000000000000e+00,1.980796828866004944e-02,-7.538869976997375488e-01,-1.143027469515800476e-02,-2.793744087219238281e+00,6.967152357101440430e-01,3.193925380706787109e+00,4.155654609203338623e-01,4.225333780050277710e-02,4.225333780050277710e-02,-9.359235991723835468e-04,-8.484986610710620880e-04,3.812843933701515198e-04,1.490795752033591270e-03,-1.439970801584422588e-04,-2.751535794232040644e-04,-1.209482201375067234e-03,1.999999955296516418e-02,1.999999955296516418e-02,1.000000014901161194e-01,-1.000000014901161194e-01,1.999999955296516418e-02,-7.009000182151794434e-01,9.866999983787536621e-01,-1.694200038909912109e+00,0.000000000000000000e+00,0.000000000000000000e+00,0.000000000000000000e+00,0.000000000000000000e+00
0.000000000000000000e+00,0.000000000000000000e+00,0.000000000000000000e+00,0.000000000000000000e+00,0.000000000000000000e+00,0.000000000000000000e+00,0.000000000000000000e+00,0.000000000000000000e+00,1.980939134955406189e-02,-7.538886666297912598e-01,-1.142860483378171921e-02,-2.793749332427978516e+00,6.967179179191589355e-01,3.193925380706787109e+00,4.155705571174621582e-01,4.225333780050277710e-02,4.225333780050277710e-02,-1.217618817463517189e-03,-1.083993352949619293e-03,8.931460324674844742e-04,-8.397738565690815449e-04,1.687882904661819339e-04,-3.311580512672662735e-04,6.315761129371821880e-04,1.999999955296516418e-02,1.999999955296516418e-02,1.000000014901161194e-01,-1.000000014901161194e-01,1.999999955296516418e-02,-7.009000182151794434e-01,9.866999983787536621e-01,-1.694200038909912109e+00,0.000000000000000000e+00,0.000000000000000000e+00,0.000000000000000000e+00,0.000000000000000000e+00
0.000000000000000000e+00,0.000000000000000000e+00,0.000000000000000000e+00,0.000000000000000000e+00,0.000000000000000000e+00,0.000000000000000000e+00,0.000000000000000000e+00,0.000000000000000000e+00,1.980985887348651886e-02,-7.538863420486450195e-01,-1.143027469515800476e-02,-2.793747663497924805e+00,6.967134475708007812e-01,3.193926095962524414e+00,4.155747890472412109e-01,4.225333780050277710e-02,4.225333780050277710e-02,-8.293727296404540539e-04,7.777994032949209213e-04,-1.768209331203252077e-04,-1.339966402156278491e-04,-1.534438197268173099e-04,7.376875146292150021e-05,1.037247362546622753e-03,1.999999955296516418e-02,1.999999955296516418e-02,1.000000014901161194e-01,-1.000000014901161194e-01,1.999999955296516418e-02,-7.009000182151794434e-01,9.866999983787536621e-01,-1.694200038909912109e+00,0.000000000000000000e+00,0.000000000000000000e+00,0.000000000000000000e+00,0.000000000000000000e+00
0.000000000000000000e+00,0.000000000000000000e+00,0.000000000000000000e+00,0.000000000000000000e+00,0.000000000000000000e+00,0.000000000000000000e+00,0.000000000000000000e+00,0.000000000000000000e+00,1.981328055262565613e-02,-7.538834810256958008e-01,-1.143556460738182068e-02,-2.793745279312133789e+00,6.967138051986694336e-01,3.193925380706787109e+00,4.155707955360412598e-01,4.225333780050277710e-02,4.225333780050277710e-02,-1.361045578960329294e-04,8.785095415078103542e-04,-1.666774740442633629e-03,1.023372169584035873e-04,-1.129985394072718918e-04,-1.225618034368380904e-04,-3.031872911378741264e-04,1.999999955296516418e-02,1.999999955296516418e-02,1.000000014901161194e-01,-1.000000014901161194e-01,1.999999955296516418e-02,-7.009000182151794434e-01,9.866999983787536621e-01,-1.694200038909912109e+00,0.000000000000000000e+00,0.000000000000000000e+00,0.000000000000000000e+00,0.000000000000000000e+00
0.000000000000000000e+00,0.000000000000000000e+00,0.000000000000000000e+00,0.000000000000000000e+00,0.000000000000000000e+00,0.000000000000000000e+00,0.000000000000000000e+00,0.000000000000000000e+00,1.981160975992679596e-02,-7.538833618164062500e-01,-1.143027469515800476e-02,-2.793747186660766602e+00,6.967141628265380859e-01,3.193926095962524414e+00,4.155733883380889893e-01,4.225333780050277710e-02,4.225333780050277710e-02,-9.348203893750905991e-04,9.565257932990789413e-04,-1.245285820914432406e-04,2.136339171556755900e-04,4.580614768201485276e-05,3.206096153007820249e-05,1.685477036517113447e-04,1.999999955296516418e-02,1.999999955296516418e-02,1.000000014901161194e-01,-1.000000014901161194e-01,1.999999955296516418e-02,-7.009000182151794434e-01,9.866999983787536621e-01,-1.694200038909912109e+00,0.000000000000000000e+00,0.000000000000000000e+00,0.000000000000000000e+00,0.000000000000000000e+00
0.000000000000000000e+00,0.000000000000000000e+00,0.000000000000000000e+00,0.000000000000000000e+00,0.000000000000000000e+00,0.000000000000000000e+00,0.000000000000000000e+00,0.000000000000000000e+00,1.981135644018650055e-02,-7.538877129554748535e-01,-1.143194548785686493e-02,-2.793745756149291992e+00,6.967134475708007812e-01,3.193926095962524414e+00,4.155724346637725830e-01,4.225333780050277710e-02,4.225333780050277710e-02,2.112625370500609279e-04,-6.186904502101242542e-04,-4.149750457145273685e-04,-2.775587745418306440e-05,-5.190424271859228611e-04,1.477267232985468581e-05,1.150666503235697746e-03,1.999999955296516418e-02,1.999999955296516418e-02,1.000000014901161194e-01,-1.000000014901161194e-01,1.999999955296516418e-02,-7.009000182151794434e-01,9.866999983787536621e-01,-1.694200038909912109e+00,0.000000000000000000e+00,0.000000000000000000e+00,0.000000000000000000e+00,0.000000000000000000e+00
0.000000000000000000e+00,0.000000000000000000e+00,0.000000000000000000e+00,0.000000000000000000e+00,0.000000000000000000e+00,0.000000000000000000e+00,0.000000000000000000e+00,0.000000000000000000e+00,1.980900391936302185e-02,-7.538834214210510254e-01,-1.143027469515800476e-02,-2.793747425079345703e+00,6.967148780822753906e-01,3.193925380706787109e+00,4.155694842338562012e-01,4.225333780050277710e-02,4.225333780050277710e-02,-4.318297433201223612e-04,7.601092802360653877e-04,3.096987202297896147e-04,7.009984692558646202e-04,2.802576345857232809e-04,-2.158243878511711955e-04,5.420887464424595237e-05,1.999999955296516418e-02,1.999999955296516418e-02,1.000000014901161194e-01,-1.000000014901161194e-01,1.999999955296516418e-02,-7.009000182151794434e-01,9.866999983787536621e-01,-1.694200038909912109e+00,0.000000000000000000e+00,0.000000000000000000e+00,0.000000000000000000e+00,0.000000000000000000e+00
0.000000000000000000e+00,0.000000000000000000e+00,0.000000000000000000e+00,0.000000000000000000e+00,0.000000000000000000e+00,0.000000000000000000e+00,0.000000000000000000e+00,0.000000000000000000e+00,1.981087215244770050e-02,-7.538833618164062500e-01,-1.143194548785686493e-02,-2.793745279312133789e+00,6.967151165008544922e-01,3.193924665451049805e+00,4.155698716640472412e-01,4.225333780050277710e-02,4.225333780050277710e-02,-5.792795855086296797e-05,5.046541919000446796e-04,-2.315677993465214968e-04,2.967410546261817217e-05,1.348143996438011527e-04,-3.749763709492981434e-04,4.524805699475109577e-04,1.999999955296516418e-02,1.999999955296516418e-02,1.000000014901161194e-01,-1.000000014901161194e-01,1.999999955296516418e-02,-7.009000182151794434e-01,9.866999983787536621e-01,-1.694200038909912109e+00,0.000000000000000000e+00,0.000000000000000000e+00,0.000000000000000000e+00,0.000000000000000000e+00
0.000000000000000000e+00,0.000000000000000000e+00,0.000000000000000000e+00,0.000000000000000000e+00,0.000000000000000000e+00,0.000000000000000000e+00,0.000000000000000000e+00,0.000000000000000000e+00,1.980968005955219269e-02,-7.538855671882629395e-01,-1.143194548785686493e-02,-2.793748617172241211e+00,6.967174410820007324e-01,3.193925380706787109e+00,4.155710339546203613e-01,4.225333780050277710e-02,4.225333780050277710e-02,-3.529710811562836170e-04,2.921896229963749647e-04,-4.724420432467013597e-04,-9.892832022160291672e-04,8.750140841584652662e-05,-2.018012164626270533e-04,1.114825252443552017e-03,1.999999955296516418e-02,1.999999955296516418e-02,1.000000014901161194e-01,-1.000000014901161194e-01,1.999999955296516418e-02,-7.009000182151794434e-01,9.866999983787536621e-01,-1.694200038909912109e+00,0.000000000000000000e+00,0.000000000000000000e+00,0.000000000000000000e+00,0.000000000000000000e+00
0.000000000000000000e+00,0.000000000000000000e+00,0.000000000000000000e+00,0.000000000000000000e+00,0.000000000000000000e+00,0.000000000000000000e+00,0.000000000000000000e+00,0.000000000000000000e+00,1.981324143707752228e-02,-7.538853287696838379e-01,-1.143027469515800476e-02,-2.793750762939453125e+00,6.967134475708007812e-01,3.193925380706787109e+00,4.155738949775695801e-01,4.225333780050277710e-02,4.225333780050277710e-02,-1.004678197205066681e-04,2.089172812702599913e-05,-1.307503989664837718e-04,-8.438670774921774864e-04,-4.324982292018830776e-04,-1.961429807124659419e-04,2.069264010060578585e-04,1.999999955296516418e-02,1.999999955296516418e-02,1.000000014901161194e-01,-1.000000014901161194e-01,1.999999955296516418e-02,-7.009000182151794434e-01,9.866999983787536621e-01,-1.694200038909912109e+00,0.000000000000000000e+00,0.000000000000000000e+00,0.000000000000000000e+00,0.000000000000000000e+00
0.000000000000000000e+00,0.000000000000000000e+00,0.000000000000000000e+00,0.000000000000000000e+00,0.000000000000000000e+00,0.000000000000000000e+00,0.000000000000000000e+00,0.000000000000000000e+00,1.980889961123466492e-02,-7.538855671882629395e-01,-1.143027469515800476e-02,-2.793748855590820312e+00,6.967141032218933105e-01,3.193925380706787109e+00,4.155723750591278076e-01,4.225333780050277710e-02,4.225333780050277710e-02,-8.155616815201938152e-04,2.167516067856922746e-04,-2.370241782045923173e-05,-4.610655014403164387e-04,-2.339116144867148250e-05,-1.721010048640891910e-04,-1.692279183771461248e-04,1.999999955296516418e-02,1.999999955296516418e-02,1.000000014901161194e-01,-1.000000014901161194e-01,1.999999955296516418e-02,-7.009000182151794434e-01,9.866999983787536621e-01,-1.694200038909912109e+00,0.000000000000000000e+00,0.000000000000000000e+00,0.000000000000000000e+00,0.000000000000000000e+00
0.000000000000000000e+00,0.000000000000000000e+00,0.000000000000000000e+00,0.000000000000000000e+00,0.000000000000000000e+00,0.000000000000000000e+00,0.000000000000000000e+00,0.000000000000000000e+00,1.981107145547866821e-02,-7.538834810256958008e-01,-1.143194548785686493e-02,-2.793745756149291992e+00,6.967131495475769043e-01,3.193925380706787109e+00,4.155697524547576904e-01,4.225366562604904175e-02,4.225366562604904175e-02,3.535861469572409987e-05,2.609664225019514561e-04,-4.300229775253683329e-04,2.583018213044852018e-04,-3.644499520305544138e-04,-1.547756110085174441e-04,-1.281568547710776329e-03,1.999999955296516418e-02,1.999999955296516418e-02,1.000000014901161194e-01,-1.000000014901161194e-01,1.999999955296516418e-02,-7.009000182151794434e-01,9.866999983787536621e-01,-1.694200038909912109e+00,0.000000000000000000e+00,0.000000000000000000e+00,0.000000000000000000e+00,0.000000000000000000e+00
0.000000000000000000e+00,0.000000000000000000e+00,0.000000000000000000e+00,0.000000000000000000e+00,0.000000000000000000e+00,0.000000000000000000e+00,0.000000000000000000e+00,0.000000000000000000e+00,1.980800740420818329e-02,-7.538853287696838379e-01,-1.143194548785686493e-02,-2.793749570846557617e+00,6.967147588729858398e-01,3.193925380706787109e+00,4.155753254890441895e-01,4.225333780050277710e-02,4.225333780050277710e-02,-9.228016133420169353e-04,3.585668164305388927e-04,-1.953039609361439943e-04,-3.185823734384030104e-04,2.551153302192687988e-04,-1.376315503875957802e-05,7.662011194042861462e-04,1.999999955296516418e-02,1.999999955296516418e-02,1.000000014901161194e-01,-1.000000014901161194e-01,1.999999955296516418e-02,-7.009000182151794434e-01,9.866999983787536621e-01,-1.694200038909912109e+00,0.000000000000000000e+00,0.000000000000000000e+00,0.000000000000000000e+00,0.000000000000000000e+00
0.000000000000000000e+00,0.000000000000000000e+00,0.000000000000000000e+00,0.000000000000000000e+00,0.000000000000000000e+00,0.000000000000000000e+00,0.000000000000000000e+00,0.000000000000000000e+00,1.981033384799957275e-02,-7.538853287696838379e-01,-1.142860483378171921e-02,-2.793747663497924805e+00,6.967147588729858398e-01,3.193925380706787109e+00,4.155694246292114258e-01,4.225333780050277710e-02,4.225333780050277710e-02,5.109752237331122160e-05,-2.723089710343629122e-04,7.456637686118483543e-04,2.902160922531038523e-04,1.350395759800449014e-04,-2.112951042363420129e-04,-1.463396241888403893e-03,1.999999955296516418e-02,1.999999955296516418e-02,1.000000014901161194e-01,-1.000000014901161194e-01,1.999999955296516418e-02,-7.009000182151794434e-01,9.866999983787536621e-01,-1.694200038909912109e+00,0.000000000000000000e+00,0.000000000000000000e+00,0.000000000000000000e+00,0.000000000000000000e+00
0.000000000000000000e+00,0.000000000000000000e+00,0.000000000000000000e+00,0.000000000000000000e+00,0.000000000000000000e+00,0.000000000000000000e+00,0.000000000000000000e+00,0.000000000000000000e+00,1.980911381542682648e-02,-7.538875341415405273e-01,-1.142860483378171921e-02,-2.793750524520874023e+00,6.967147588729858398e-01,3.193926811218261719e+00,4.155749082565307617e-01,4.225333780050277710e-02,4.225333780050277710e-02,-6.935905548743903637e-04,-1.131276731030084193e-04,1.282157259993255138e-03,-5.714548751711845398e-04,2.760185743682086468e-04,2.416073111817240715e-04,9.475887636654078960e-04,1.999999955296516418e-02,1.999999955296516418e-02,1.000000014901161194e-01,-1.000000014901161194e-01,1.999999955296516418e-02,-7.009000182151794434e-01,9.866999983787536621e-01,-1.694200038909912109e+00,0.000000000000000000e+00,0.000000000000000000e+00,0.000000000000000000e+00,0.000000000000000000e+00
0.000000000000000000e+00,0.000000000000000000e+00,0.000000000000000000e+00,0.000000000000000000e+00,0.000000000000000000e+00,0.000000000000000000e+00,0.000000000000000000e+00,0.000000000000000000e+00,1.981104537844657898e-02,-7.538875341415405273e-01,-1.143194548785686493e-02,-2.793745279312133789e+00,6.967154741287231445e-01,3.193925380706787109e+00,4.155738949775695801e-01,4.225366562604904175e-02,4.225366562604904175e-02,-6.706899730488657951e-04,-1.626199664315208793e-04,-3.393808146938681602e-04,1.181096769869327545e-03,1.660038105910643935e-04,-9.194922313326969743e-05,5.644491175189614296e-04,1.999999955296516418e-02,1.999999955296516418e-02,1.000000014901161194e-01,-1.000000014901161194e-01,1.999999955296516418e-02,-7.009000182151794434e-01,9.866999983787536621e-01,-1.694200038909912109e+00,0.000000000000000000e+00,0.000000000000000000e+00,0.000000000000000000e+00,0.000000000000000000e+00
0.000000000000000000e+00,0.000000000000000000e+00,0.000000000000000000e+00,0.000000000000000000e+00,0.000000000000000000e+00,0.000000000000000000e+00,0.000000000000000000e+00,0.000000000000000000e+00,1.981152966618537903e-02,-7.538853287696838379e-01,-1.143361534923315048e-02,-2.793745279312133789e+00,6.967147588729858398e-01,3.193926095962524414e+00,4.155683219432830811e-01,4.225333780050277710e-02,4.225333780050277710e-02,-3.990118857473134995e-04,-2.155229303753003478e-04,-7.491431897506117821e-04,7.006663508946076035e-05,1.973424696188885719e-05,1.836884766817092896e-04,-1.669196411967277527e-03,1.999999955296516418e-02,1.999999955296516418e-02,1.000000014901161194e-01,-1.000000014901161194e-01,1.999999955296516418e-02,-7.009000182151794434e-01,9.866999983787536621e-01,-1.694200038909912109e+00,0.000000000000000000e+00,0.000000000000000000e+00,0.000000000000000000e+00,0.000000000000000000e+00
0.000000000000000000e+00,0.000000000000000000e+00,0.000000000000000000e+00,0.000000000000000000e+00,0.000000000000000000e+00,0.000000000000000000e+00,0.000000000000000000e+00,0.000000000000000000e+00,1.981323026120662689e-02,-7.538892626762390137e-01,-1.143027469515800476e-02,-2.793747901916503906e+00,6.967127919197082520e-01,3.193926811218261719e+00,4.155734181404113770e-01,4.225333780050277710e-02,4.225333780050277710e-02,8.807207341305911541e-04,-5.101910792291164398e-04,1.511061564087867737e-04,2.923390129581093788e-04,-3.143447975162416697e-04,3.707499417942017317e-04,2.225458883913233876e-04,1.999999955296516418e-02,1.999999955296516418e-02,1.000000014901161194e-01,-1.000000014901161194e-01,1.999999955296516418e-02,-7.009000182151794434e-01,9.866999983787536621e-01,-1.694200038909912109e+00,0.000000000000000000e+00,0.000000000000000000e+00,0.000000000000000000e+00,0.000000000000000000e+00
0.000000000000000000e+00,0.000000000000000000e+00,0.000000000000000000e+00,0.000000000000000000e+00,0.000000000000000000e+00,0.000000000000000000e+00,0.000000000000000000e+00,0.000000000000000000e+00,1.981056109070777893e-02,-7.538886666297912598e-01,-1.143194548785686493e-02,-2.793745279312133789e+00,6.967147588729858398e-01,3.193926095962524414e+00,4.155716598033905029e-01,4.225333780050277710e-02,4.225333780050277710e-02,9.106458310270681977e-05,-1.521137193776667118e-03,-6.266009877435863018e-04,6.104411440901458263e-04,2.400843368377536535e-04,2.112931397277861834e-04,-5.825094995088875294e-04,1.999999955296516418e-02,1.999999955296516418e-02,1.000000014901161194e-01,-1.000000014901161194e-01,1.999999955296516418e-02,-7.009000182151794434e-01,9.866999983787536621e-01,-1.694200038909912109e+00,0.000000000000000000e+00,0.000000000000000000e+00,0.000000000000000000e+00,0.000000000000000000e+00
0.000000000000000000e+00,0.000000000000000000e+00,0.000000000000000000e+00,0.000000000000000000e+00,0.000000000000000000e+00,0.000000000000000000e+00,0.000000000000000000e+00,0.000000000000000000e+00,1.981040276587009430e-02,-7.538869976997375488e-01,-1.143194548785686493e-02,-2.793746709823608398e+00,6.967134475708007812e-01,3.193925380706787109e+00,4.155705571174621582e-01,4.225333780050277710e-02,4.225333780050277710e-02,4.856779123656451702e-04,-7.440430345013737679e-04,-6.369862821884453297e-04,1.291804164793575183e-05,-2.647020446602255106e-04,-7.667572936043143272e-05,6.208959966897964478e-04,1.999999955296516418e-02,1.999999955296516418e-02,1.000000014901161194e-01,-1.000000014901161194e-01,1.999999955296516418e-02,-7.009000182151794434e-01,9.866999983787536621e-01,-1.694200038909912109e+00,0.000000000000000000e+00,0.000000000000000000e+00,0.000000000000000000e+00,0.000000000000000000e+00
0.000000000000000000e+00,0.000000000000000000e+00,0.000000000000000000e+00,0.000000000000000000e+00,0.000000000000000000e+00,0.000000000000000000e+00,0.000000000000000000e+00,0.000000000000000000e+00,1.980971358716487885e-02,-7.538869976997375488e-01,-1.143027469515800476e-02,-2.793751239776611328e+00,6.967134475708007812e-01,3.193926095962524414e+00,4.155701100826263428e-01,4.225333780050277710e-02,4.225333780050277710e-02,-6.013406673446297646e-04,-5.026868893764913082e-04,3.561713965609669685e-04,-1.573695219121873379e-03,-4.739369906019419432e-04,1.422114000888541341e-04,-7.468101684935390949e-04,1.999999955296516418e-02,1.999999955296516418e-02,1.000000014901161194e-01,-1.000000014901161194e-01,1.999999955296516418e-02,-7.009000182151794434e-01,9.866999983787536621e-01,-1.694200038909912109e+00,0.000000000000000000e+00,0.000000000000000000e+00,0.000000000000000000e+00,0.000000000000000000e+00
0.000000000000000000e+00,0.000000000000000000e+00,0.000000000000000000e+00,0.000000000000000000e+00,0.000000000000000000e+00,0.000000000000000000e+00,0.000000000000000000e+00,0.000000000000000000e+00,1.981351338326931000e-02,-7.538875341415405273e-01,-1.143194548785686493e-02,-2.793746709823608398e+00,6.967134475708007812e-01,3.193926095962524414e+00,4.155702292919158936e-01,4.225333780050277710e-02,4.225333780050277710e-02,-2.715242444537580013e-04,-2.090752095682546496e-04,-2.638760779518634081e-04,-7.396459695883095264e-04,-4.248597542755305767e-04,1.421826891601085663e-04,-1.383255934342741966e-03,1.999999955296516418e-02,1.999999955296516418e-02,1.000000014901161194e-01,-1.000000014901161194e-01,1.999999955296516418e-02,-7.009000182151794434e-01,9.866999983787536621e-01,-1.694200038909912109e+00,0.000000000000000000e+00,0.000000000000000000e+00,0.000000000000000000e+00,0.000000000000000000e+00
0.000000000000000000e+00,0.000000000000000000e+00,0.000000000000000000e+00,0.000000000000000000e+00,0.000000000000000000e+00,0.000000000000000000e+00,0.000000000000000000e+00,0.000000000000000000e+00,1.980985887348651886e-02,-7.538877129554748535e-01,-1.142693404108285904e-02,-2.793746709823608398e+00,6.967127919197082520e-01,3.193926095962524414e+00,4.155698716640472412e-01,4.225333780050277710e-02,4.225333780050277710e-02,-8.031834149733185768e-04,-5.956754903309047222e-04,1.593273715116083622e-03,-3.933875123038887978e-04,-6.109291571192443371e-04,1.997745130211114883e-04,-1.094772014766931534e-03,1.999999955296516418e-02,1.999999955296516418e-02,1.000000014901161194e-01,-1.000000014901161194e-01,1.999999955296516418e-02,-7.009000182151794434e-01,9.866999983787536621e-01,-1.694200038909912109e+00,0.000000000000000000e+00,0.000000000000000000e+00,0.000000000000000000e+00,0.000000000000000000e+00
0.000000000000000000e+00,0.000000000000000000e+00,0.000000000000000000e+00,0.000000000000000000e+00,0.000000000000000000e+00,0.000000000000000000e+00,0.000000000000000000e+00,0.000000000000000000e+00,1.981402561068534851e-02,-7.538853883743286133e-01,-1.143027469515800476e-02,-2.793745040893554688e+00,6.967141032218933105e-01,3.193926811218261719e+00,4.155702292919158936e-01,4.225333780050277710e-02,4.225333780050277710e-02,1.137028215453028679e-03,-1.327484642388299108e-04,-6.753624620614573359e-05,1.959243672899901867e-04,-1.299483556067571044e-04,3.981023328378796577e-04,-1.528355875052511692e-03,1.999999955296516418e-02,1.999999955296516418e-02,1.000000014901161194e-01,-1.000000014901161194e-01,1.999999955296516418e-02,-7.009000182151794434e-01,9.866999983787536621e-01,-1.694200038909912109e+00,0.000000000000000000e+00,0.000000000000000000e+00,0.000000000000000000e+00,0.000000000000000000e+00
0.000000000000000000e+00,0.000000000000000000e+00,0.000000000000000000e+00,0.000000000000000000e+00,0.000000000000000000e+00,0.000000000000000000e+00,0.000000000000000000e+00,0.000000000000000000e+00,1.981035247445106506e-02,-7.538869976997375488e-01,-1.143027469515800476e-02,-2.793748617172241211e+00,6.967141032218933105e-01,3.193926095962524414e+00,4.155709445476531982e-01,4.225333780050277710e-02,4.225333780050277710e-02,3.948102239519357681e-04,-6.211702711880207062e-04,4.149780434090644121e-04,-1.146979746408760548e-03,9.290168993175029755e-03,-4.399887620820663869e-05,-5.695243016816675663e-04,1.999999955296516418e-02,1.999999955296516418e-02,1.000000014901161194e-01,-1.000000014901161194e-01,1.999999955296516418e-02,-7.009000182151794434e-01,9.866999983787536621e-01,-1.694200038909912109e+00,0.000000000000000000e+00,0.000000000000000000e+00,0.000000000000000000e+00,0.000000000000000000e+00
0.000000000000000000e+00,0.000000000000000000e+00,0.000000000000000000e+00,0.000000000000000000e+00,0.000000000000000000e+00,0.000000000000000000e+00,0.000000000000000000e+00,0.000000000000000000e+00,1.981137506663799286e-02,-7.538853287696838379e-01,-1.142860483378171921e-02,-2.793745040893554688e+00,6.967127919197082520e-01,3.193926811218261719e+00,4.155746102333068848e-01,4.225366562604904175e-02,4.225366562604904175e-02,-2.023907582042738795e-04,1.013220462482422590e-04,6.960642058402299881e-04,2.998434647452086210e-04,-4.477783513721078634e-04,3.861784061882644892e-04,6.241450319066643715e-04,1.999999955296516418e-02,1.999999955296516418e-02,1.000000014901161194e-01,-1.000000014901161194e-01,1.999999955296516418e-02,-7.009000182151794434e-01,9.866999983787536621e-01,-1.694200038909912109e+00,0.000000000000000000e+00,0.000000000000000000e+00,0.000000000000000000e+00,0.000000000000000000e+00
0.000000000000000000e+00,0.000000000000000000e+00,0.000000000000000000e+00,0.000000000000000000e+00,0.000000000000000000e+00,0.000000000000000000e+00,0.000000000000000000e+00,0.000000000000000000e+00,1.981111988425254822e-02,-7.538869976997375488e-01,-1.143027469515800476e-02,-2.793750762939453125e+00,6.967134475708007812e-01,3.193926095962524414e+00,4.155746102333068848e-01,4.225333780050277710e-02,4.225333780050277710e-02,6.858717824798077345e-05,-8.899545064195990562e-04,5.696583539247512817e-04,-1.483681146055459976e-03,-1.664728770265355706e-04,2.636055287439376116e-04,6.432793452404439449e-04,1.999999955296516418e-02,1.999999955296516418e-02,1.000000014901161194e-01,-1.000000014901161194e-01,1.999999955296516418e-02,-7.009000182151794434e-01,9.866999983787536621e-01,-1.694200038909912109e+00,0.000000000000000000e+00,0.000000000000000000e+00,0.000000000000000000e+00,0.000000000000000000e+00
0.000000000000000000e+00,0.000000000000000000e+00,0.000000000000000000e+00,0.000000000000000000e+00,0.000000000000000000e+00,0.000000000000000000e+00,0.000000000000000000e+00,0.000000000000000000e+00,1.981443911790847778e-02,-7.538896203041076660e-01,-1.143194548785686493e-02,-2.793745040893554688e+00,6.967147588729858398e-01,3.193926095962524414e+00,4.155702292919158936e-01,4.225333780050277710e-02,4.225333780050277710e-02,9.143778588622808456e-04,-1.105389441363513470e-03,1.043097654473967850e-04,4.936590557917952538e-04,2.147670747945085168e-04,6.429779750760644674e-05,-1.088005839847028255e-03,1.999999955296516418e-02,1.999999955296516418e-02,1.000000014901161194e-01,-1.000000014901161194e-01,1.999999955296516418e-02,-7.009000182151794434e-01,9.866999983787536621e-01,-1.694200038909912109e+00,0.000000000000000000e+00,0.000000000000000000e+00,0.000000000000000000e+00,0.000000000000000000e+00
0.000000000000000000e+00,0.000000000000000000e+00,0.000000000000000000e+00,0.000000000000000000e+00,0.000000000000000000e+00,0.000000000000000000e+00,0.000000000000000000e+00,0.000000000000000000e+00,1.981642656028270721e-02,-7.538833618164062500e-01,-1.143027469515800476e-02,-2.793747901916503906e+00,6.967134475708007812e-01,3.193926811218261719e+00,4.155753254890441895e-01,4.225333780050277710e-02,4.225333780050277710e-02,1.583826378919184208e-03,4.139347001910209656e-04,4.289376011001877487e-05,1.313889515586197376e-04,-1.470156130380928516e-04,4.579279047902673483e-04,5.418069195002317429e-04,1.999999955296516418e-02,1.999999955296516418e-02,1.000000014901161194e-01,-1.000000014901161194e-01,1.999999955296516418e-02,-7.009000182151794434e-01,9.866999983787536621e-01,-1.694200038909912109e+00,0.000000000000000000e+00,0.000000000000000000e+00,0.000000000000000000e+00,0.000000000000000000e+00
0.000000000000000000e+00,0.000000000000000000e+00,0.000000000000000000e+00,0.000000000000000000e+00,0.000000000000000000e+00,0.000000000000000000e+00,0.000000000000000000e+00,0.000000000000000000e+00,1.980865560472011566e-02,-7.538833618164062500e-01,-1.143194548785686493e-02,-2.793748378753662109e+00,6.967141032218933105e-01,3.193926811218261719e+00,4.155746102333068848e-01,4.225333780050277710e-02,4.225333780050277710e-02,-5.120662972331047058e-04,5.762432119809091091e-04,6.040468724677339196e-05,-6.896502454765141010e-04,3.177717007929459214e-05,2.814985637087374926e-04,5.303394864313304424e-04,1.999999955296516418e-02,1.999999955296516418e-02,1.000000014901161194e-01,-1.000000014901161194e-01,1.999999955296516418e-02,-7.009000182151794434e-01,9.866999983787536621e-01,-1.694200038909912109e+00,0.000000000000000000e+00,0.000000000000000000e+00,0.000000000000000000e+00,0.000000000000000000e+00
0.000000000000000000e+00,0.000000000000000000e+00,0.000000000000000000e+00,0.000000000000000000e+00,0.000000000000000000e+00,0.000000000000000000e+00,0.000000000000000000e+00,0.000000000000000000e+00,1.981325447559356689e-02,-7.538882493972778320e-01,-1.143194548785686493e-02,-2.793745040893554688e+00,6.967141032218933105e-01,3.193927526473999023e+00,4.155767560005187988e-01,4.225366562604904175e-02,4.225366562604904175e-02,7.411214755848050117e-04,4.303824971430003643e-05,-3.951159305870532990e-04,2.446767466608434916e-04,1.542368954687844962e-05,6.439868011511862278e-04,1.307467930018901825e-03,1.999999955296516418e-02,1.999999955296516418e-02,1.000000014901161194e-01,-1.000000014901161194e-01,1.999999955296516418e-02,-7.009000182151794434e-01,9.866999983787536621e-01,-1.694200038909912109e+00,0.000000000000000000e+00,0.000000000000000000e+00,0.000000000000000000e+00,0.000000000000000000e+00
0.000000000000000000e+00,0.000000000000000000e+00,0.000000000000000000e+00,0.000000000000000000e+00,0.000000000000000000e+00,0.000000000000000000e+00,0.000000000000000000e+00,0.000000000000000000e+00,1.981014944612979889e-02,-7.538853287696838379e-01,-1.143027469515800476e-02,-2.793746948242187500e+00,6.967134475708007812e-01,3.193926095962524414e+00,4.155746102333068848e-01,4.225333780050277710e-02,4.225333780050277710e-02,-1.018698443658649921e-03,-1.621281990082934499e-04,5.500703700818121433e-04,-3.503394545987248421e-04,-4.215874942019581795e-04,-5.029467502026818693e-05,8.186583290807902813e-04,1.999999955296516418e-02,1.999999955296516418e-02,1.000000014901161194e-01,-1.000000014901161194e-01,1.999999955296516418e-02,-7.009000182151794434e-01,9.866999983787536621e-01,-1.694200038909912109e+00,0.000000000000000000e+00,0.000000000000000000e+00,0.000000000000000000e+00,0.000000000000000000e+00
0.000000000000000000e+00,0.000000000000000000e+00,0.000000000000000000e+00,0.000000000000000000e+00,0.000000000000000000e+00,0.000000000000000000e+00,0.000000000000000000e+00,0.000000000000000000e+00,1.981113292276859283e-02,-7.538846731185913086e-01,-1.143027469515800476e-02,-2.793745040893554688e+00,6.967141032218933105e-01,3.193925380706787109e+00,4.155709445476531982e-01,4.225333780050277710e-02,4.225333780050277710e-02,-4.240256675984710455e-04,1.006080419756472111e-03,2.091514761559665203e-04,2.957055112347006798e-04,-1.770576636772602797e-05,-2.538283006288111210e-04,-7.883718935772776604e-04,1.999999955296516418e-02,1.999999955296516418e-02,1.000000014901161194e-01,-1.000000014901161194e-01,1.999999955296516418e-02,-7.009000182151794434e-01,9.866999983787536621e-01,-1.694200038909912109e+00,0.000000000000000000e+00,0.000000000000000000e+00,0.000000000000000000e+00,0.000000000000000000e+00
0.000000000000000000e+00,0.000000000000000000e+00,0.000000000000000000e+00,0.000000000000000000e+00,0.000000000000000000e+00,0.000000000000000000e+00,0.000000000000000000e+00,0.000000000000000000e+00,1.980971358716487885e-02,-7.538870573043823242e-01,-1.143194548785686493e-02,-2.793745040893554688e+00,6.967147588729858398e-01,3.193925380706787109e+00,4.155738949775695801e-01,4.225366562604904175e-02,4.225366562604904175e-02,-6.138035096228122711e-04,-9.126544464379549026e-04,-3.925356140825897455e-04,5.644567427225410938e-04,-8.591996447648853064e-05,-1.676032843533903360e-04,1.613580097910016775e-04,1.999999955296516418e-02,1.999999955296516418e-02,1.000000014901161194e-01,-1.000000014901161194e-01,1.999999955296516418e-02,-7.009000182151794434e-01,9.866999983787536621e-01,-1.694200038909912109e+00,0.000000000000000000e+00,0.000000000000000000e+00,0.000000000000000000e+00,0.000000000000000000e+00
0.000000000000000000e+00,0.000000000000000000e+00,0.000000000000000000e+00,0.000000000000000000e+00,0.000000000000000000e+00,0.000000000000000000e+00,0.000000000000000000e+00,0.000000000000000000e+00,1.980899833142757416e-02,-7.538899183273315430e-01,-1.143027469515800476e-02,-2.793746709823608398e+00,6.967134475708007812e-01,3.193925142288208008e+00,4.155694246292114258e-01,4.225333780050277710e-02,4.225333780050277710e-02,-4.492404696065932512e-04,-5.283618811517953873e-04,-1.722801243886351585e-04,-2.235362335341051221e-04,-2.036377263721078634e-04,-2.069693146040663123e-04,-1.115515246056020260e-03,1.999999955296516418e-02,1.999999955296516418e-02,1.000000014901161194e-01,-1.000000014901161194e-01,1.999999955296516418e-02,-7.009000182151794434e-01,9.866999983787536621e-01,-1.694200038909912109e+00,0.000000000000000000e+00,0.000000000000000000e+00,0.000000000000000000e+00,0.000000000000000000e+00
0.000000000000000000e+00,0.000000000000000000e+00,0.000000000000000000e+00,0.000000000000000000e+00,0.000000000000000000e+00,0.000000000000000000e+00,0.000000000000000000e+00,0.000000000000000000e+00,1.980947703123092651e-02,-7.538875341415405273e-01,-1.143361534923315048e-02,-2.793745040893554688e+00,6.967160701751708984e-01,3.193926095962524414e+00,4.155753254890441895e-01,4.225333780050277710e-02,4.225333780050277710e-02,-4.899102350464090705e-05,-1.674751401878893375e-04,-1.079307054169476032e-03,1.512447342975065112e-04,7.753451354801654816e-04,-2.165101432183291763e-05,1.210233662277460098e-03,1.999999955296516418e-02,1.999999955296516418e-02,1.000000014901161194e-01,-1.000000014901161194e-01,1.999999955296516418e-02,-7.009000182151794434e-01,9.866999983787536621e-01,-1.694200038909912109e+00,0.000000000000000000e+00,0.000000000000000000e+00,0.000000000000000000e+00,0.000000000000000000e+00
0.000000000000000000e+00,0.000000000000000000e+00,0.000000000000000000e+00,0.000000000000000000e+00,0.000000000000000000e+00,0.000000000000000000e+00,0.000000000000000000e+00,0.000000000000000000e+00,1.981255784630775452e-02,-7.538834214210510254e-01,-1.143027469515800476e-02,-2.793741226196289062e+00,6.967154741287231445e-01,3.193925380706787109e+00,4.155702292919158936e-01,4.225333780050277710e-02,4.225333780050277710e-02,1.583535049576312304e-05,5.537723773159086704e-04,2.732378197833895683e-04,1.316020614467561245e-03,4.065773915499448776e-03,-2.767705009318888187e-04,-1.476118573918938637e-03,1.999999955296516418e-02,1.999999955296516418e-02,1.000000014901161194e-01,-1.000000014901161194e-01,1.999999955296516418e-02,-7.009000182151794434e-01,9.866999983787536621e-01,-1.694200038909912109e+00,0.000000000000000000e+00,0.000000000000000000e+00,0.000000000000000000e+00,0.000000000000000000e+00
0.000000000000000000e+00,0.000000000000000000e+00,0.000000000000000000e+00,0.000000000000000000e+00,0.000000000000000000e+00,0.000000000000000000e+00,0.000000000000000000e+00,0.000000000000000000e+00,1.980960182845592499e-02,-7.538901567459106445e-01,-1.143361534923315048e-02,-2.793748378753662109e+00,6.967141032218933105e-01,3.193925380706787109e+00,4.155746102333068848e-01,4.225333780050277710e-02,4.225333780050277710e-02,-1.657757384236901999e-04,-2.718230825848877430e-04,-5.458029918372631073e-04,-1.310119638219475746e-03,3.715611819643527269e-05,-2.810700098052620888e-04,4.914760938845574856e-04,1.999999955296516418e-02,1.999999955296516418e-02,1.000000014901161194e-01,-1.000000014901161194e-01,1.999999955296516418e-02,-7.009000182151794434e-01,9.866999983787536621e-01,-1.694200038909912109e+00,0.000000000000000000e+00,0.000000000000000000e+00,0.000000000000000000e+00,0.000000000000000000e+00
0.000000000000000000e+00,0.000000000000000000e+00,0.000000000000000000e+00,0.000000000000000000e+00,0.000000000000000000e+00,0.000000000000000000e+00,0.000000000000000000e+00,0.000000000000000000e+00,1.981157436966896057e-02,-7.538834810256958008e-01,-1.143027469515800476e-02,-2.793746709823608398e+00,6.967141032218933105e-01,3.193926095962524414e+00,4.155730903148651123e-01,4.225333780050277710e-02,4.225333780050277710e-02,-5.485904985107481480e-04,2.825922274496406317e-04,-2.139169810106977820e-04,-4.200041876174509525e-04,-1.770712988218292594e-04,6.709820445394143462e-05,3.480682207737118006e-04,1.999999955296516418e-02,1.999999955296516418e-02,1.000000014901161194e-01,-1.000000014901161194e-01,1.999999955296516418e-02,-7.009000182151794434e-01,9.866999983787536621e-01,-1.694200038909912109e+00,0.000000000000000000e+00,0.000000000000000000e+00,0.000000000000000000e+00,0.000000000000000000e+00
0.000000000000000000e+00,0.000000000000000000e+00,0.000000000000000000e+00,0.000000000000000000e+00,0.000000000000000000e+00,0.000000000000000000e+00,0.000000000000000000e+00,0.000000000000000000e+00,1.981254853308200836e-02,-7.538853287696838379e-01,-1.142860483378171921e-02,-2.793746709823608398e+00,6.967160701751708984e-01,3.193925380706787109e+00,4.155746102333068848e-01,4.225333780050277710e-02,4.225333780050277710e-02,7.451947312802076340e-04,-1.096391715691424906e-04,5.760714411735534668e-04,1.600860850885510445e-04,6.883516325615346432e-04,-3.037014976143836975e-04,5.261416081339120865e-04,1.999999955296516418e-02,1.999999955296516418e-02,1.000000014901161194e-01,-1.000000014901161194e-01,1.999999955296516418e-02,-7.009000182151794434e-01,9.866999983787536621e-01,-1.694200038909912109e+00,0.000000000000000000e+00,0.000000000000000000e+00,0.000000000000000000e+00,0.000000000000000000e+00
0.000000000000000000e+00,0.000000000000000000e+00,0.000000000000000000e+00,0.000000000000000000e+00,0.000000000000000000e+00,0.000000000000000000e+00,0.000000000000000000e+00,0.000000000000000000e+00,1.980899460613727570e-02,-7.538886666297912598e-01,-1.143027469515800476e-02,-2.793746709823608398e+00,6.967120766639709473e-01,3.193925380706787109e+00,4.155760407447814941e-01,4.225333780050277710e-02,4.225333780050277710e-02,-5.173456738702952862e-04,-1.338999485597014427e-03,6.364439614117145538e-04,-6.193899898789823055e-04,-6.922248867340385914e-04,-2.033513446804136038e-04,7.517709746025502682e-04,1.999999955296516418e-02,1.999999955296516418e-02,1.000000014901161194e-01,-1.000000014901161194e-01,1.999999955296516418e-02,-7.009000182151794434e-01,9.866999983787536621e-01,-1.694200038909912109e+00,0.000000000000000000e+00,0.000000000000000000e+00,0.000000000000000000e+00,0.000000000000000000e+00
0.000000000000000000e+00,0.000000000000000000e+00,0.000000000000000000e+00,0.000000000000000000e+00,0.000000000000000000e+00,0.000000000000000000e+00,0.000000000000000000e+00,0.000000000000000000e+00,1.980868726968765259e-02,-7.538855671882629395e-01,-1.142860483378171921e-02,-2.793747186660766602e+00,6.967141032218933105e-01,3.193926811218261719e+00,4.155760407447814941e-01,4.225333780050277710e-02,4.225333780050277710e-02,2.787473567877896130e-05,5.160646396689116955e-04,5.496904486790299416e-04,3.563624632079154253e-04,7.615424237883416936e-06,3.335574874654412270e-04,1.547068124637007713e-03,1.999999955296516418e-02,1.999999955296516418e-02,1.000000014901161194e-01,-1.000000014901161194e-01,1.999999955296516418e-02,-7.009000182151794434e-01,9.866999983787536621e-01,-1.694200038909912109e+00,0.000000000000000000e+00,0.000000000000000000e+00,0.000000000000000000e+00,0.000000000000000000e+00
0.000000000000000000e+00,0.000000000000000000e+00,0.000000000000000000e+00,0.000000000000000000e+00,0.000000000000000000e+00,0.000000000000000000e+00,0.000000000000000000e+00,0.000000000000000000e+00,1.981351710855960846e-02,-7.538875937461853027e-01,-1.143027469515800476e-02,-2.793741226196289062e+00,6.967147588729858398e-01,3.193926811218261719e+00,4.155730903148651123e-01,4.225333780050277710e-02,4.225333780050277710e-02,1.327865029452368617e-04,3.767340385820716619e-04,3.055431443499401212e-05,7.536648190580308437e-04,2.819449000526219606e-04,2.533780061639845371e-04,-1.099651271943002939e-04,1.999999955296516418e-02,1.999999955296516418e-02,1.000000014901161194e-01,-1.000000014901161194e-01,1.999999955296516418e-02,-7.009000182151794434e-01,9.866999983787536621e-01,-1.694200038909912109e+00,0.000000000000000000e+00,0.000000000000000000e+00,0.000000000000000000e+00,0.000000000000000000e+00
0.000000000000000000e+00,0.000000000000000000e+00,0.000000000000000000e+00,0.000000000000000000e+00,0.000000000000000000e+00,0.000000000000000000e+00,0.000000000000000000e+00,0.000000000000000000e+00,1.981347985565662384e-02,-7.538833618164062500e-01,-1.143194548785686493e-02,-2.793746709823608398e+00,6.967134475708007812e-01,3.193926095962524414e+00,4.155709445476531982e-01,4.225333780050277710e-02,4.225333780050277710e-02,4.237148459651507437e-05,1.193365678773261607e-04,-3.045109333470463753e-04,-8.520053816027939320e-04,-1.768693036865442991e-04,-1.771382994775194675e-05,-5.935148801654577255e-04,1.999999955296516418e-02,1.999999955296516418e-02,1.000000014901161194e-01,-1.000000014901161194e-01,1.999999955296516418e-02,-7.009000182151794434e-01,9.866999983787536621e-01,-1.694200038909912109e+00,0.000000000000000000e+00,0.000000000000000000e+00,0.000000000000000000e+00,0.000000000000000000e+00
0.000000000000000000e+00,0.000000000000000000e+00,0.000000000000000000e+00,0.000000000000000000e+00,0.000000000000000000e+00,0.000000000000000000e+00,0.000000000000000000e+00,0.000000000000000000e+00,1.981081254780292511e-02,-7.538860440254211426e-01,-1.143194548785686493e-02,-2.793748378753662109e+00,6.967127919197082520e-01,3.193926811218261719e+00,4.155746102333068848e-01,4.225333780050277710e-02,4.225333780050277710e-02,1.175348552351351827e-05,-1.602230913704261184e-04,7.945383549667894840e-05,-8.368460112251341343e-04,-5.501218256540596485e-04,2.589648356661200523e-04,4.809761594515293837e-04,1.999999955296516418e-02,1.999999955296516418e-02,1.000000014901161194e-01,-1.000000014901161194e-01,1.999999955296516418e-02,-7.009000182151794434e-01,9.866999983787536621e-01,-1.694200038909912109e+00,0.000000000000000000e+00,0.000000000000000000e+00,0.000000000000000000e+00,0.000000000000000000e+00
0.000000000000000000e+00,0.000000000000000000e+00,0.000000000000000000e+00,0.000000000000000000e+00,0.000000000000000000e+00,0.000000000000000000e+00,0.000000000000000000e+00,0.000000000000000000e+00,1.981104351580142975e-02,-7.538875937461853027e-01,-1.143027469515800476e-02,-2.793746709823608398e+00,6.967134475708007812e-01,3.193926811218261719e+00,4.155746102333068848e-01,4.225366562604904175e-02,4.225366562604904175e-02,1.753549586283043027e-04,8.079705730779096484e-05,1.366715296171605587e-04,-2.477692614775151014e-04,-3.477681602817028761e-04,2.606273046694695950e-04,9.435153333470225334e-04,1.999999955296516418e-02,1.999999955296516418e-02,1.000000014901161194e-01,-1.000000014901161194e-01,1.999999955296516418e-02,-7.009000182151794434e-01,9.866999983787536621e-01,-1.694200038909912109e+00,0.000000000000000000e+00,0.000000000000000000e+00,0.000000000000000000e+00,0.000000000000000000e+00
0.000000000000000000e+00,0.000000000000000000e+00,0.000000000000000000e+00,0.000000000000000000e+00,0.000000000000000000e+00,0.000000000000000000e+00,0.000000000000000000e+00,0.000000000000000000e+00,1.981535740196704865e-02,-7.538869976997375488e-01,-1.143027469515800476e-02,-2.793745040893554688e+00,6.967141032218933105e-01,3.193925380706787109e+00,4.155753254890441895e-01,4.225366562604904175e-02,4.225366562604904175e-02,1.131382305175065994e-03,-8.610258810222148895e-04,5.160252912901341915e-04,-3.957160515710711479e-04,1.011597123579122126e-04,3.901519812643527985e-05,5.475138896144926548e-04,1.999999955296516418e-02,1.999999955296516418e-02,1.000000014901161194e-01,-1.000000014901161194e-01,1.999999955296516418e-02,-7.009000182151794434e-01,9.866999983787536621e-01,-1.694200038909912109e+00,0.000000000000000000e+00,0.000000000000000000e+00,0.000000000000000000e+00,0.000000000000000000e+00
0.000000000000000000e+00,0.000000000000000000e+00,0.000000000000000000e+00,0.000000000000000000e+00,0.000000000000000000e+00,0.000000000000000000e+00,0.000000000000000000e+00,0.000000000000000000e+00,1.980702020227909088e-02,-7.538853883743286133e-01,-1.143027469515800476e-02,-2.793745040893554688e+00,6.967134475708007812e-01,3.193926095962524414e+00,4.155687093734741211e-01,4.225366562604904175e-02,4.225366562604904175e-02,-9.464750764891505241e-04,2.690769033506512642e-04,-1.506952830823138356e-04,-4.953693132847547531e-04,-2.249155659228563309e-04,2.543166046962141991e-04,-1.932898885570466518e-03,1.999999955296516418e-02,1.999999955296516418e-02,1.000000014901161194e-01,-1.000000014901161194e-01,1.999999955296516418e-02,-7.009000182151794434e-01,9.866999983787536621e-01,-1.694200038909912109e+00,0.000000000000000000e+00,0.000000000000000000e+00,0.000000000000000000e+00,0.000000000000000000e+00
0.000000000000000000e+00,0.000000000000000000e+00,0.000000000000000000e+00,0.000000000000000000e+00,0.000000000000000000e+00,0.000000000000000000e+00,0.000000000000000000e+00,0.000000000000000000e+00,1.981059089303016663e-02,-7.538836002349853516e-01,-1.143194548785686493e-02,-2.793746709823608398e+00,6.967122554779052734e-01,3.193925380706787109e+00,4.155753254890441895e-01,4.225333780050277710e-02,4.225333780050277710e-02,-4.845901275984942913e-05,5.896665970794856548e-04,-3.384743176866322756e-04,-1.070339465513825417e-03,4.094935720786452293e-04,4.988700311514548957e-06,9.721706737764179707e-04,1.999999955296516418e-02,1.999999955296516418e-02,1.000000014901161194e-01,-1.000000014901161194e-01,1.999999955296516418e-02,-7.009000182151794434e-01,9.866999983787536621e-01,-1.694200038909912109e+00,0.000000000000000000e+00,0.000000000000000000e+00,0.000000000000000000e+00,0.000000000000000000e+00
0.000000000000000000e+00,0.000000000000000000e+00,0.000000000000000000e+00,0.000000000000000000e+00,0.000000000000000000e+00,0.000000000000000000e+00,0.000000000000000000e+00,0.000000000000000000e+00,1.980936527252197266e-02,-7.538886666297912598e-01,-1.143027469515800476e-02,-2.793746709823608398e+00,6.967141032218933105e-01,3.193925380706787109e+00,4.155709445476531982e-01,4.225333780050277710e-02,4.225333780050277710e-02,-5.486438749358057976e-04,-1.457038451917469501e-03,-8.131285721901804209e-05,-6.582264322787523270e-04,3.379135159775614738e-05,-2.013237390201538801e-04,-1.130687538534402847e-03,1.999999955296516418e-02,1.999999955296516418e-02,1.000000014901161194e-01,-1.000000014901161194e-01,1.999999955296516418e-02,-7.009000182151794434e-01,9.866999983787536621e-01,-1.694200038909912109e+00,0.000000000000000000e+00,0.000000000000000000e+00,0.000000000000000000e+00,0.000000000000000000e+00
0.000000000000000000e+00,0.000000000000000000e+00,0.000000000000000000e+00,0.000000000000000000e+00,0.000000000000000000e+00,0.000000000000000000e+00,0.000000000000000000e+00,0.000000000000000000e+00,1.981254667043685913e-02,-7.538833618164062500e-01,-1.143027469515800476e-02,-2.793745756149291992e+00,6.967130899429321289e-01,3.193925380706787109e+00,4.155753254890441895e-01,4.225366562604904175e-02,4.225366562604904175e-02,9.009233908727765083e-04,1.027389895170927048e-03,-4.892417928203940392e-05,1.343767944490537047e-04,-2.146424521924927831e-04,-1.559639058541506529e-04,5.808954592794179916e-04,1.999999955296516418e-02,1.999999955296516418e-02,1.000000014901161194e-01,-1.000000014901161194e-01,1.999999955296516418e-02,-7.009000182151794434e-01,9.866999983787536621e-01,-1.694200038909912109e+00,0.000000000000000000e+00,0.000000000000000000e+00,0.000000000000000000e+00,0.000000000000000000e+00
0.000000000000000000e+00,0.000000000000000000e+00,0.000000000000000000e+00,0.000000000000000000e+00,0.000000000000000000e+00,0.000000000000000000e+00,0.000000000000000000e+00,0.000000000000000000e+00,1.980873383581638336e-02,-7.538886666297912598e-01,-1.143361534923315048e-02,-2.793742895126342773e+00,6.967147588729858398e-01,3.193926095962524414e+00,4.155753254890441895e-01,4.225333780050277710e-02,4.225333780050277710e-02,-5.234613199718296528e-04,-1.803874154575169086e-03,-1.008848776109516621e-03,4.273919330444186926e-04,2.833151374943554401e-04,1.890686253318563104e-04,7.409484824165701866e-04,1.999999955296516418e-02,1.999999955296516418e-02,1.000000014901161194e-01,-1.000000014901161194e-01,1.999999955296516418e-02,-7.009000182151794434e-01,9.866999983787536621e-01,-1.694200038909912109e+00,0.000000000000000000e+00,0.000000000000000000e+00,0.000000000000000000e+00,0.000000000000000000e+00
0.000000000000000000e+00,0.000000000000000000e+00,0.000000000000000000e+00,0.000000000000000000e+00,0.000000000000000000e+00,0.000000000000000000e+00,0.000000000000000000e+00,0.000000000000000000e+00,1.980869099497795105e-02,-7.538875341415405273e-01,-1.142860483378171921e-02,-2.793742895126342773e+00,6.967154741287231445e-01,3.193925380706787109e+00,4.155716598033905029e-01,4.225333780050277710e-02,4.225333780050277710e-02,-7.718864362686872482e-04,-3.959786263294517994e-04,7.140064844861626625e-04,8.408614085055887699e-04,3.006893093697726727e-04,-3.632267544162459671e-05,-7.297141128219664097e-04,1.999999955296516418e-02,1.999999955296516418e-02,1.000000014901161194e-01,-1.000000014901161194e-01,1.999999955296516418e-02,-7.009000182151794434e-01,9.866999983787536621e-01,-1.694200038909912109e+00,0.000000000000000000e+00,0.000000000000000000e+00,0.000000000000000000e+00,0.000000000000000000e+00
0.000000000000000000e+00,0.000000000000000000e+00,0.000000000000000000e+00,0.000000000000000000e+00,0.000000000000000000e+00,0.000000000000000000e+00,0.000000000000000000e+00,0.000000000000000000e+00,1.980873383581638336e-02,-7.538853287696838379e-01,-1.143027469515800476e-02,-2.793746709823608398e+00,6.967120766639709473e-01,3.193926095962524414e+00,4.155730903148651123e-01,4.225333780050277710e-02,4.225333780050277710e-02,-2.145311300409957767e-04,-2.487550664227455854e-04,2.338126796530559659e-04,-2.844891278073191643e-04,-6.283855182118713856e-04,1.541732635814696550e-04,-1.040311908582225442e-04,1.999999955296516418e-02,1.999999955296516418e-02,1.000000014901161194e-01,-1.000000014901161194e-01,1.999999955296516418e-02,-7.009000182151794434e-01,9.866999983787536621e-01,-1.694200038909912109e+00,0.000000000000000000e+00,0.000000000000000000e+00,0.000000000000000000e+00,0.000000000000000000e+00
0.000000000000000000e+00,0.000000000000000000e+00,0.000000000000000000e+00,0.000000000000000000e+00,0.000000000000000000e+00,0.000000000000000000e+00,0.000000000000000000e+00,0.000000000000000000e+00,1.980970613658428192e-02,-7.538841962814331055e-01,-1.143194548785686493e-02,-2.793746709823608398e+00,6.967134475708007812e-01,3.193926095962524414e+00,4.155760407447814941e-01,4.225333780050277710e-02,4.225333780050277710e-02,-2.372868184465914965e-04,4.546690979623235762e-05,-5.435075727291405201e-04,-7.318281568586826324e-04,-2.576885744929313660e-04,-8.211613021558150649e-05,1.185692963190376759e-03,1.999999955296516418e-02,1.999999955296516418e-02,1.000000014901161194e-01,-1.000000014901161194e-01,1.999999955296516418e-02,-7.009000182151794434e-01,9.866999983787536621e-01,-1.694200038909912109e+00,0.000000000000000000e+00,0.000000000000000000e+00,0.000000000000000000e+00,0.000000000000000000e+00
0.000000000000000000e+00,0.000000000000000000e+00,0.000000000000000000e+00,0.000000000000000000e+00,0.000000000000000000e+00,0.000000000000000000e+00,0.000000000000000000e+00,0.000000000000000000e+00,1.980702020227909088e-02,-7.538853287696838379e-01,-1.143027469515800476e-02,-2.793742895126342773e+00,6.967134475708007812e-01,3.193926095962524414e+00,4.155738949775695801e-01,4.225366562604904175e-02,4.225366562604904175e-02,-7.576153730042278767e-04,-3.751823096536099911e-04,2.241129986941814423e-04,8.790686260908842087e-04,-3.034974215552210808e-04,5.334029629011638463e-05,3.319529059808701277e-04,1.999999955296516418e-02,1.999999955296516418e-02,1.000000014901161194e-01,-1.000000014901161194e-01,1.999999955296516418e-02,-7.009000182151794434e-01,9.866999983787536621e-01,-1.694200038909912109e+00,0.000000000000000000e+00,0.000000000000000000e+00,0.000000000000000000e+00,0.000000000000000000e+00
0.000000000000000000e+00,0.000000000000000000e+00,0.000000000000000000e+00,0.000000000000000000e+00,0.000000000000000000e+00,0.000000000000000000e+00,0.000000000000000000e+00,0.000000000000000000e+00,1.981245540082454681e-02,-7.538855671882629395e-01,-1.143361534923315048e-02,-2.793748378753662109e+00,6.967147588729858398e-01,3.193925380706787109e+00,4.155753254890441895e-01,4.225333780050277710e-02,4.225333780050277710e-02,1.275671529583632946e-04,2.259183529531583190e-04,-8.831312297843396664e-04,-1.076377113349735737e-03,1.761926105245947838e-04,-2.480088151060044765e-04,3.919877635780721903e-04,1.999999955296516418e-02,1.999999955296516418e-02,1.000000014901161194e-01,-1.000000014901161194e-01,1.999999955296516418e-02,-7.009000182151794434e-01,9.866999983787536621e-01,-1.694200038909912109e+00,0.000000000000000000e+00,0.000000000000000000e+00,0.000000000000000000e+00,0.000000000000000000e+00
0.000000000000000000e+00,0.000000000000000000e+00,0.000000000000000000e+00,0.000000000000000000e+00,0.000000000000000000e+00,0.000000000000000000e+00,0.000000000000000000e+00,0.000000000000000000e+00,1.981561258435249329e-02,-7.538819313049316406e-01,-1.143194548785686493e-02,-2.793741226196289062e+00,6.967141032218933105e-01,3.193925142288208008e+00,4.155746102333068848e-01,4.225333780050277710e-02,4.225333780050277710e-02,2.047983696684241295e-03,1.107783056795597076e-03,-6.035590195097029209e-04,1.020785770379006863e-03,-8.480086535200825892e-07,-1.506748812971636653e-04,4.991893656551837921e-04,1.999999955296516418e-02,1.999999955296516418e-02,1.000000014901161194e-01,-1.000000014901161194e-01,1.999999955296516418e-02,-7.009000182151794434e-01,9.866999983787536621e-01,-1.694200038909912109e+00,0.000000000000000000e+00,0.000000000000000000e+00,0.000000000000000000e+00,0.000000000000000000e+00
0.000000000000000000e+00,0.000000000000000000e+00,0.000000000000000000e+00,0.000000000000000000e+00,0.000000000000000000e+00,0.000000000000000000e+00,0.000000000000000000e+00,0.000000000000000000e+00,1.981245167553424835e-02,-7.538870573043823242e-01,-1.143027469515800476e-02,-2.793741226196289062e+00,6.967154741287231445e-01,3.193926811218261719e+00,4.155730903148651123e-01,4.225333780050277710e-02,4.225333780050277710e-02,3.030816733371466398e-04,-7.552694878540933132e-04,6.678599165752530098e-04,1.202742103487253189e-03,3.587651299312710762e-04,2.842527756001800299e-04,1.162933767773211002e-04,1.999999955296516418e-02,1.999999955296516418e-02,1.000000014901161194e-01,-1.000000014901161194e-01,1.999999955296516418e-02,-7.009000182151794434e-01,9.866999983787536621e-01,-1.694200038909912109e+00,0.000000000000000000e+00,0.000000000000000000e+00,0.000000000000000000e+00,0.000000000000000000e+00
0.000000000000000000e+00,0.000000000000000000e+00,0.000000000000000000e+00,0.000000000000000000e+00,0.000000000000000000e+00,0.000000000000000000e+00,0.000000000000000000e+00,0.000000000000000000e+00,1.981160044670104980e-02,-7.538871169090270996e-01,-1.143027469515800476e-02,-2.793748378753662109e+00,6.967134475708007812e-01,3.193926095962524414e+00,4.155738949775695801e-01,4.225366562604904175e-02,4.225366562604904175e-02,-1.906138786580413580e-04,-5.386193515732884407e-04,7.032142457319423556e-05,-1.135017490014433861e-03,-2.670586982276290655e-04,1.105712581193074584e-04,3.547264495864510536e-04,1.999999955296516418e-02,1.999999955296516418e-02,1.000000014901161194e-01,-1.000000014901161194e-01,1.999999955296516418e-02,-7.009000182151794434e-01,9.866999983787536621e-01,-1.694200038909912109e+00,0.000000000000000000e+00,0.000000000000000000e+00,0.000000000000000000e+00,0.000000000000000000e+00
0.000000000000000000e+00,0.000000000000000000e+00,0.000000000000000000e+00,0.000000000000000000e+00,0.000000000000000000e+00,0.000000000000000000e+00,0.000000000000000000e+00,0.000000000000000000e+00,1.980531401932239532e-02,-7.538855671882629395e-01,-1.143194548785686493e-02,-2.793746709823608398e+00,6.967141032218933105e-01,3.193926572799682617e+00,4.155723750591278076e-01,4.225333780050277710e-02,4.225333780050277710e-02,-1.570905325934290886e-03,5.692867562174797058e-04,-6.816755048930644989e-04,-8.294100407510995865e-04,-5.096477616461925209e-05,3.600355412345379591e-04,-1.405459479428827763e-04,1.999999955296516418e-02,1.999999955296516418e-02,1.000000014901161194e-01,-1.000000014901161194e-01,1.999999955296516418e-02,-7.009000182151794434e-01,9.866999983787536621e-01,-1.694200038909912109e+00,0.000000000000000000e+00,0.000000000000000000e+00,0.000000000000000000e+00,0.000000000000000000e+00
0.000000000000000000e+00,0.000000000000000000e+00,0.000000000000000000e+00,0.000000000000000000e+00,0.000000000000000000e+00,0.000000000000000000e+00,0.000000000000000000e+00,0.000000000000000000e+00,1.980777084827423096e-02,-7.538877725601196289e-01,-1.143027469515800476e-02,-2.793745040893554688e+00,6.967141032218933105e-01,3.193926095962524414e+00,4.155753254890441895e-01,4.225333780050277710e-02,4.225333780050277710e-02,-3.233991155866533518e-04,-3.459408253547735512e-05,-5.033011257182806730e-05,-6.560793553944677114e-05,-1.520534860901534557e-04,8.249883831012994051e-05,1.046998193487524986e-03,1.999999955296516418e-02,1.999999955296516418e-02,1.000000014901161194e-01,-1.000000014901161194e-01,1.999999955296516418e-02,-7.009000182151794434e-01,9.866999983787536621e-01,-1.694200038909912109e+00,0.000000000000000000e+00,0.000000000000000000e+00,0.000000000000000000e+00,0.000000000000000000e+00
0.000000000000000000e+00,0.000000000000000000e+00,0.000000000000000000e+00,0.000000000000000000e+00,0.000000000000000000e+00,0.000000000000000000e+00,0.000000000000000000e+00,0.000000000000000000e+00,1.981245167553424835e-02,-7.538853287696838379e-01,-1.143027469515800476e-02,-2.793746709823608398e+00,6.967141032218933105e-01,3.193926095962524414e+00,4.155746102333068848e-01,4.225333780050277710e-02,4.225333780050277710e-02,-1.166732909041456878e-04,-5.631041713058948517e-04,-1.477001933380961418e-04,-5.535675445571541786e-04,-2.837571810232475400e-05,6.960588962101610377e-06,7.681281422264873981e-04,1.999999955296516418e-02,1.999999955296516418e-02,1.000000014901161194e-01,-1.000000014901161194e-01,1.999999955296516418e-02,-7.009000182151794434e-01,9.866999983787536621e-01,-1.694200038909912109e+00,0.000000000000000000e+00,0.000000000000000000e+00,0.000000000000000000e+00,0.000000000000000000e+00
0.000000000000000000e+00,0.000000000000000000e+00,0.000000000000000000e+00,0.000000000000000000e+00,0.000000000000000000e+00,0.000000000000000000e+00,0.000000000000000000e+00,0.000000000000000000e+00,1.980899460613727570e-02,-7.538818120956420898e-01,-1.142860483378171921e-02,-2.793742895126342773e+00,6.967141032218933105e-01,3.193926811218261719e+00,4.155752658843994141e-01,4.225333780050277710e-02,4.225333780050277710e-02,-5.607095081359148026e-04,1.257498050108551979e-03,5.068835453130304813e-04,7.829821552149951458e-04,-8.286246156785637140e-06,1.524037070339545608e-04,8.263994823209941387e-04,1.999999955296516418e-02,1.999999955296516418e-02,1.000000014901161194e-01,-1.000000014901161194e-01,1.999999955296516418e-02,-7.009000182151794434e-01,9.866999983787536621e-01,-1.694200038909912109e+00,0.000000000000000000e+00,0.000000000000000000e+00,0.000000000000000000e+00,0.000000000000000000e+00
0.000000000000000000e+00,0.000000000000000000e+00,0.000000000000000000e+00,0.000000000000000000e+00,0.000000000000000000e+00,0.000000000000000000e+00,0.000000000000000000e+00,0.000000000000000000e+00,1.981032639741897583e-02,-7.538890242576599121e-01,-1.143027469515800476e-02,-2.793746709823608398e+00,6.967141032218933105e-01,3.193926095962524414e+00,4.155738949775695801e-01,4.225366562604904175e-02,4.225366562604904175e-02,3.462947206571698189e-04,-1.158001483418047428e-03,3.715377824846655130e-04,1.943695096997544169e-04,6.492246029665693641e-05,4.682314101955853403e-05,3.687122080009430647e-04,1.999999955296516418e-02,1.999999955296516418e-02,1.000000014901161194e-01,-1.000000014901161194e-01,1.999999955296516418e-02,-7.009000182151794434e-01,9.866999983787536621e-01,-1.694200038909912109e+00,0.000000000000000000e+00,0.000000000000000000e+00,0.000000000000000000e+00,0.000000000000000000e+00
0.000000000000000000e+00,0.000000000000000000e+00,0.000000000000000000e+00,0.000000000000000000e+00,0.000000000000000000e+00,0.000000000000000000e+00,0.000000000000000000e+00,0.000000000000000000e+00,1.981269009411334991e-02,-7.538853287696838379e-01,-1.143027469515800476e-02,-2.793748378753662109e+00,6.967141032218933105e-01,3.193926095962524414e+00,4.155746102333068848e-01,4.225333780050277710e-02,4.225333780050277710e-02,-1.191537230624817312e-04,-5.922512500546872616e-04,3.038477152585983276e-04,-1.423753914423286915e-03,-7.666012970730662346e-05,9.919999865815043449e-05,8.717493037693202496e-04,1.999999955296516418e-02,1.999999955296516418e-02,1.000000014901161194e-01,-1.000000014901161194e-01,1.999999955296516418e-02,-7.009000182151794434e-01,9.866999983787536621e-01,-1.694200038909912109e+00,0.000000000000000000e+00,0.000000000000000000e+00,0.000000000000000000e+00,0.000000000000000000e+00
0.000000000000000000e+00,0.000000000000000000e+00,0.000000000000000000e+00,0.000000000000000000e+00,0.000000000000000000e+00,0.000000000000000000e+00,0.000000000000000000e+00,0.000000000000000000e+00,1.980865187942981720e-02,-7.538816928863525391e-01,-1.143027469515800476e-02,-2.793746709823608398e+00,6.967141032218933105e-01,3.193926095962524414e+00,4.155767560005187988e-01,4.225333780050277710e-02,4.225333780050277710e-02,1.445667585358023643e-04,1.076634973287582397e-03,6.185722886584699154e-04,-4.140459641348570585e-04,9.612442954676225781e-05,1.996108949242625386e-05,1.426216331310570240e-03,1.999999955296516418e-02,1.999999955296516418e-02,1.000000014901161194e-01,-1.000000014901161194e-01,1.999999955296516418e-02,-7.009000182151794434e-01,9.866999983787536621e-01,-1.694200038909912109e+00,0.000000000000000000e+00,0.000000000000000000e+00,0.000000000000000000e+00,0.000000000000000000e+00
0.000000000000000000e+00,0.000000000000000000e+00,0.000000000000000000e+00,0.000000000000000000e+00,0.000000000000000000e+00,0.000000000000000000e+00,0.000000000000000000e+00,0.000000000000000000e+00,1.980875991284847260e-02,-7.538843750953674316e-01,-1.143027469515800476e-02,-2.793746709823608398e+00,6.967147588729858398e-01,3.193925619125366211e+00,4.155746102333068848e-01,4.225366562604904175e-02,4.225366562604904175e-02,-4.586588183883577585e-04,4.447267565410584211e-04,2.392896276433020830e-04,1.083810930140316486e-04,3.792049537878483534e-04,3.455528640188276768e-04,3.669016878120601177e-04,1.999999955296516418e-02,1.999999955296516418e-02,1.000000014901161194e-01,-1.000000014901161194e-01,1.999999955296516418e-02,-7.009000182151794434e-01,9.866999983787536621e-01,-1.694200038909912109e+00,0.000000000000000000e+00,0.000000000000000000e+00,0.000000000000000000e+00,0.000000000000000000e+00
0.000000000000000000e+00,0.000000000000000000e+00,0.000000000000000000e+00,0.000000000000000000e+00,0.000000000000000000e+00,0.000000000000000000e+00,0.000000000000000000e+00,0.000000000000000000e+00,1.981227099895477295e-02,-7.538824677467346191e-01,-1.143027469515800476e-02,-2.793742895126342773e+00,6.967095732688903809e-01,3.193924665451049805e+00,4.155723750591278076e-01,4.225333780050277710e-02,4.225333780050277710e-02,9.715433116070926189e-04,1.488740672357380390e-03,1.606306177563965321e-04,5.024059792049229145e-04,-4.856681625824421644e-04,-4.101714293938130140e-04,-2.051126357400789857e-04,1.999999955296516418e-02,1.999999955296516418e-02,1.000000014901161194e-01,-1.000000014901161194e-01,1.999999955296516418e-02,-7.009000182151794434e-01,9.866999983787536621e-01,-1.694200038909912109e+00,0.000000000000000000e+00,0.000000000000000000e+00,0.000000000000000000e+00,0.000000000000000000e+00
0.000000000000000000e+00,0.000000000000000000e+00,0.000000000000000000e+00,0.000000000000000000e+00,0.000000000000000000e+00,0.000000000000000000e+00,0.000000000000000000e+00,0.000000000000000000e+00,1.981253176927566528e-02,-7.538908720016479492e-01,-1.143027469515800476e-02,-2.793746709823608398e+00,6.967147588729858398e-01,3.193925380706787109e+00,4.155746102333068848e-01,4.225333780050277710e-02,4.225333780050277710e-02,4.517001216299831867e-04,-8.870158344507217407e-04,2.754542801994830370e-04,-6.310564931482076645e-04,1.626184093765914440e-04,-1.993928890442475677e-04,6.380315753631293774e-04,1.999999955296516418e-02,1.999999955296516418e-02,1.000000014901161194e-01,-1.000000014901161194e-01,1.999999955296516418e-02,-7.009000182151794434e-01,9.866999983787536621e-01,-1.694200038909912109e+00,0.000000000000000000e+00,0.000000000000000000e+00,0.000000000000000000e+00,0.000000000000000000e+00
0.000000000000000000e+00,0.000000000000000000e+00,0.000000000000000000e+00,0.000000000000000000e+00,0.000000000000000000e+00,0.000000000000000000e+00,0.000000000000000000e+00,0.000000000000000000e+00,1.980532146990299225e-02,-7.538875341415405273e-01,-1.142860483378171921e-02,-2.793745040893554688e+00,6.967147588729858398e-01,3.193925619125366211e+00,4.155738949775695801e-01,4.225333780050277710e-02,4.225333780050277710e-02,-1.288720755837857723e-03,-1.929320278577506542e-04,2.174917026422917843e-04,4.131361492909491062e-05,1.711113000055775046e-04,2.849338634405285120e-04,-2.965959429275244474e-04,1.999999955296516418e-02,1.999999955296516418e-02,1.000000014901161194e-01,-1.000000014901161194e-01,1.999999955296516418e-02,-7.009000182151794434e-01,9.866999983787536621e-01,-1.694200038909912109e+00,0.000000000000000000e+00,0.000000000000000000e+00,0.000000000000000000e+00,0.000000000000000000e+00
0.000000000000000000e+00,0.000000000000000000e+00,0.000000000000000000e+00,0.000000000000000000e+00,0.000000000000000000e+00,0.000000000000000000e+00,0.000000000000000000e+00,0.000000000000000000e+00,1.981033198535442352e-02,-7.538853287696838379e-01,-1.143027469515800476e-02,-2.793742895126342773e+00,6.967154741287231445e-01,3.193926095962524414e+00,4.155744910240173340e-01,4.225333780050277710e-02,4.225333780050277710e-02,4.787710786331444979e-04,-2.829136210493743420e-04,7.276200904016150162e-06,6.638670456595718861e-04,3.907774516846984625e-04,2.271681732963770628e-04,2.929287729784846306e-04,1.999999955296516418e-02,1.999999955296516418e-02,1.000000014901161194e-01,-1.000000014901161194e-01,1.999999955296516418e-02,-7.009000182151794434e-01,9.866999983787536621e-01,-1.694200038909912109e+00,0.000000000000000000e+00,0.000000000000000000e+00,0.000000000000000000e+00,0.000000000000000000e+00
0.000000000000000000e+00,0.000000000000000000e+00,0.000000000000000000e+00,0.000000000000000000e+00,0.000000000000000000e+00,0.000000000000000000e+00,0.000000000000000000e+00,0.000000000000000000e+00,1.980873197317123413e-02,-7.538840770721435547e-01,-1.143027469515800476e-02,-2.793746709823608398e+00,6.967147588729858398e-01,3.193926095962524414e+00,4.155746102333068848e-01,4.225366562604904175e-02,4.225366562604904175e-02,-6.425309693440794945e-04,3.298041410744190216e-04,3.641461080405861139e-04,-3.495078417472541332e-04,7.938458293210715055e-05,-2.432196015433873981e-05,7.163686095736920834e-04,1.999999955296516418e-02,1.999999955296516418e-02,1.000000014901161194e-01,-1.000000014901161194e-01,1.999999955296516418e-02,-7.009000182151794434e-01,9.866999983787536621e-01,-1.694200038909912109e+00,0.000000000000000000e+00,0.000000000000000000e+00,0.000000000000000000e+00,0.000000000000000000e+00
0.000000000000000000e+00,0.000000000000000000e+00,0.000000000000000000e+00,0.000000000000000000e+00,0.000000000000000000e+00,0.000000000000000000e+00,0.000000000000000000e+00,0.000000000000000000e+00,1.981035061180591583e-02,-7.538882493972778320e-01,-1.142860483378171921e-02,-2.793745040893554688e+00,6.967141032218933105e-01,3.193925380706787109e+00,4.155694246292114258e-01,4.225333780050277710e-02,4.225333780050277710e-02,4.594194469973444939e-04,-1.983717083930969238e-04,8.779263007454574108e-04,1.504795509390532970e-04,-4.447577885002829134e-05,-1.749652728904038668e-04,-1.804155530408024788e-03,1.999999955296516418e-02,1.999999955296516418e-02,1.000000014901161194e-01,-1.000000014901161194e-01,1.999999955296516418e-02,-7.009000182151794434e-01,9.866999983787536621e-01,-1.694200038909912109e+00,0.000000000000000000e+00,0.000000000000000000e+00,0.000000000000000000e+00,0.000000000000000000e+00
0.000000000000000000e+00,0.000000000000000000e+00,0.000000000000000000e+00,0.000000000000000000e+00,0.000000000000000000e+00,0.000000000000000000e+00,0.000000000000000000e+00,0.000000000000000000e+00,1.980937086045742035e-02,-7.538833618164062500e-01,-1.143194548785686493e-02,-2.793746709823608398e+00,6.967141032218933105e-01,3.193924665451049805e+00,4.155753254890441895e-01,4.225366562604904175e-02,4.225366562604904175e-02,-7.041424396447837353e-04,5.264909123070538044e-04,-3.805619780905544758e-04,-3.045677731279283762e-04,9.140079055214300752e-05,-3.575045848265290260e-04,9.192428551614284515e-04,1.999999955296516418e-02,1.999999955296516418e-02,1.000000014901161194e-01,-1.000000014901161194e-01,1.999999955296516418e-02,-7.009000182151794434e-01,9.866999983787536621e-01,-1.694200038909912109e+00,0.000000000000000000e+00,0.000000000000000000e+00,0.000000000000000000e+00,0.000000000000000000e+00
0.000000000000000000e+00,0.000000000000000000e+00,0.000000000000000000e+00,0.000000000000000000e+00,0.000000000000000000e+00,0.000000000000000000e+00,0.000000000000000000e+00,0.000000000000000000e+00,1.981032267212867737e-02,-7.538869976997375488e-01,-1.143027469515800476e-02,-2.793745040893554688e+00,6.967141032218933105e-01,3.193925380706787109e+00,4.155694246292114258e-01,4.225333780050277710e-02,4.225333780050277710e-02,4.624977591447532177e-04,-7.890370325185358524e-04,-1.447305403416976333e-04,-2.606272464618086815e-04,-1.092059173970483243e-04,-3.326819860376417637e-04,-1.314080785959959030e-03,1.999999955296516418e-02,1.999999955296516418e-02,1.000000014901161194e-01,-1.000000014901161194e-01,1.999999955296516418e-02,-7.009000182151794434e-01,9.866999983787536621e-01,-1.694200038909912109e+00,0.000000000000000000e+00,0.000000000000000000e+00,0.000000000000000000e+00,0.000000000000000000e+00
